{"type":"FeatureCollection","name":"seccions_tarragones_2024","crs":{"type":"name","properties":{"name":"EPSG:25831"}},"attribution":"Seccions: ICGC/Idescat, CC BY 4.0. Edificis: Dirección General del Catastro. Autoconsum: ICAEN.","features":[{"type":"Feature","properties":{"cusec":"4301201001","mundissec":"43012001001","municipi_ine":"43012","pv_n":65,"pv_known_n":47,"pv_kw":210.0,"pv_edifici_n":65,"pv_edifici_known_n":47,"pv_edifici_kw":210.0,"buildings_n":592,"functional_n":567,"date_interval_n":121,"age_exact_n":446,"age_median_exact":57.0,"age_median_min":51.0,"age_median_max":57.0,"age_exact_fraction":0.7865961199294532,"pv_known_fraction":0.7230769230769231,"kw_per_100_buildings":37.03703703703704,"association_sample":true,"moran_sample":true,"moran_i":0.021531959260523967,"moran_p_sim":0.2454,"moran_quadrant":"HH","moran_fdr":false,"moran_z":0.08129916456851703,"moran_lag":0.2666259754237737,"neighbors":["4301201002","4301201003","4309701001","4315301001","4311101001","4315301004","4312601001"]},"geometry":{"type":"Polygon","coordinates":[[[364615.7542000003,4559260.7349],[364812.4018000001,4559144.794],[364868.18479999993,4559092.1861000005],[364885.79009999987,4559064.224300001],[364954.5917999996,4559044.654200001],[365156.2993000001,4558871.473200001],[365186.69959999993,4558856.4328000005],[365290.38100000005,4558844.2718],[365328.5345999999,4558830.229599999],[365366.01970000006,4558755.6888999995],[365361.2795000002,4558670.807700001],[365373.97300000023,4558612.3358],[365394.4000000004,4558579.800000001],[365266.0999999996,4558390.6],[365261.7000000002,4558361.800000001],[365162.7999999998,4558345.800000001],[365139.49980000034,4558176.2806],[365123.3205000004,4557900.878799999],[365099.7000000002,4557830.199999999],[364912.5349000003,4557548.5339],[364914.7583999997,4557475.8818],[364957.0610999996,4557263.148399999],[364938.54789999966,4557159.8981],[364957.1978000002,4557081.9922],[364954.38900000043,4557061.055],[364889.08029999956,4557007.7366],[364872.56319999974,4556940.1691],[364901.6693000002,4556908.8846],[364890.39969999995,4556794.0107],[364861.55069999956,4556743.973099999],[364878.5672000004,4556665.8949],[364876.82070000004,4556640.5187],[364849.32969999965,4556607.0646],[364788.51630000025,4556588.6532000005],[364766.7313000001,4556514.2752],[364702.5736999996,4556414.352299999],[364734.5099999998,4556274.974099999],[364692.0270999996,4556146.248299999],[364700.81099999975,4556092.287799999],[364591.5,4555847.199999999],[364505.16559999995,4555688.2422],[364505.6579,4555671.993899999],[364461.93759999983,4555672.0251],[364344.9204000002,4555691.1099],[364251.3239000002,4555687.141100001],[364056.8934000004,4555656.215299999],[363956.6429000003,4555608.876],[363884.6127000004,4555603.9066],[363770.84250000026,4555619.327500001],[363658.1021999996,4555580.7783],[363530.1224999996,4555588.8401999995],[363566.8076999998,4555633.3335],[363537.8876,4555652.336999999],[363514.13489999995,4555682.321],[363613.29980000015,4555795.772500001],[363639.80310000014,4555814.7269],[363682.8706,4555891.113],[363685.32019999996,4555953.9287],[363701.3894999996,4556031.549799999],[363752.29310000036,4556203.1316],[363727.0909000002,4556221.2486000005],[363729.8602,4556243.102],[363677.1054999996,4556327.3672],[363530.34020000044,4556391.043400001],[363502.1942999996,4556558.0089],[363468.2388000004,4556586.1787],[363374.8953999998,4556721.1172],[363351.79030000046,4556742.2389],[363304.1738999998,4556773.2421],[363051.5098000001,4556762.008400001],[363223.2000000002,4556833.199999999],[363500.2000000002,4557546.0],[363541.84750000015,4557672.480699999],[363701.30700000003,4557809.975299999],[363720.7139999997,4557846.823100001],[363727.19849999994,4557885.7653],[363736.1014999999,4557895.3332],[363770.37179999985,4558002.9068],[363936.1799999997,4558048.1379],[363961.82909999974,4558062.9945],[363964.7728000004,4558112.3303],[363945.29119999986,4558172.178200001],[363957.08579999954,4558289.055500001],[363916.10539999977,4558296.321900001],[363798.0,4558374.0],[363843.7123999996,4558614.739499999],[363844.8838999998,4558711.5767],[363889.49450000003,4558771.5441],[363919.5223000003,4558834.9144],[363945.80709999986,4558955.103599999],[364114.78089999966,4559044.558800001],[364102.5346999997,4559094.3893],[364175.5921,4559122.6828000005],[364256.03920000046,4559133.661800001],[364314.1052000001,4559171.034399999],[364370.2000000002,4559190.0],[364424.9210999999,4559238.7848000005],[364569.15139999986,4559261.2530000005],[364615.7542000003,4559260.7349]]]}},{"type":"Feature","properties":{"cusec":"4301201002","mundissec":"43012001002","municipi_ine":"43012","pv_n":72,"pv_known_n":53,"pv_kw":279.0,"pv_edifici_n":72,"pv_edifici_known_n":53,"pv_edifici_kw":279.0,"buildings_n":634,"functional_n":624,"date_interval_n":58,"age_exact_n":566,"age_median_exact":41.0,"age_median_min":40.0,"age_median_max":41.0,"age_exact_fraction":0.907051282051282,"pv_known_fraction":0.7361111111111112,"kw_per_100_buildings":44.71153846153846,"association_sample":true,"moran_sample":true,"moran_i":0.0680971486196299,"moran_p_sim":0.2043,"moran_quadrant":"HH","moran_fdr":false,"moran_z":0.18116314681523096,"moran_lag":0.3784112699954,"neighbors":["4301201001","4301201003","4315301001","4315301002","4314807016"]},"geometry":{"type":"MultiPolygon","coordinates":[[[[364642.3799999999,4554723.800000001],[364636.5999999996,4554721.119999999],[364635.8499999996,4554723.99],[364642.3799999999,4554723.800000001]]],[[[364344.9204000002,4555691.1099],[364505.6579,4555671.993899999],[364506.2999999998,4555650.800000001],[364567.14240000024,4555653.3596],[364768.0,4555634.300000001],[364756.0999999996,4555613.6],[364852.1542999996,4555474.0735],[364996.2000000002,4555208.800000001],[365018.7000000002,4555157.6],[364994.2000000002,4555110.1],[364888.4718000004,4554707.8398],[364868.38999999966,4554733.6899999995],[364826.5700000003,4554727.5600000005],[364784.8499999996,4554704.5600000005],[364740.13999999966,4554710.75],[364717.8799999999,4554698.26],[364673.29000000004,4554721.800000001],[364624.2000000002,4554729.25],[364541.25,4554713.93],[364536.1500000004,4554726.460000001],[364514.61000000034,4554727.039999999],[364490.4199999999,4554758.07],[364534.36000000034,4554825.380000001],[364514.73000000045,4554866.6],[364469.75,4554902.880000001],[364405.63999999966,4554927.83],[364295.2599999998,4554942.08],[364191.4000000004,4554938.140000001],[363731.71999999974,4554856.119999999],[363466.21279999986,4554763.8214],[363636.9000000004,4555392.699999999],[362975.7000000002,4555604.5],[363503.1860999996,4555591.4098000005],[363658.1021999996,4555580.7783],[363770.84250000026,4555619.327500001],[363884.6127000004,4555603.9066],[363956.6429000003,4555608.876],[364044.05319999997,4555652.5254],[364181.5399000002,4555680.5265],[364344.9204000002,4555691.1099]]]]}},{"type":"Feature","properties":{"cusec":"4301201003","mundissec":"43012001003","municipi_ine":"43012","pv_n":199,"pv_known_n":144,"pv_kw":835.0,"pv_edifici_n":199,"pv_edifici_known_n":144,"pv_edifici_kw":835.0,"buildings_n":456,"functional_n":453,"date_interval_n":109,"age_exact_n":344,"age_median_exact":37.0,"age_median_min":33.0,"age_median_max":38.0,"age_exact_fraction":0.7593818984547461,"pv_known_fraction":0.7236180904522613,"kw_per_100_buildings":184.32671081677705,"association_sample":true,"moran_sample":true,"moran_i":0.3637007562048773,"moran_p_sim":0.2216,"moran_quadrant":"HH","moran_fdr":false,"moran_z":0.941739080696017,"moran_lag":0.3887931470432198,"neighbors":["4301201001","4301201002","4314807016","4312601001"]},"geometry":{"type":"Polygon","coordinates":[[[363304.1738999998,4556773.2421],[363374.8953999998,4556721.1172],[363468.2388000004,4556586.1787],[363502.1942999996,4556558.0089],[363530.34020000044,4556391.043400001],[363677.1054999996,4556327.3672],[363729.8602,4556243.102],[363727.0909000002,4556221.2486000005],[363752.29310000036,4556203.1316],[363701.3894999996,4556031.549799999],[363685.32019999996,4555953.9287],[363682.8706,4555891.113],[363639.80310000014,4555814.7269],[363613.29980000015,4555795.772500001],[363514.13489999995,4555682.321],[363537.8876,4555652.336999999],[363566.8076999998,4555633.3335],[363530.1224999996,4555588.8401999995],[362447.74899999984,4555613.1884],[362468.0513000004,4555785.496099999],[362497.83609999996,4555904.631100001],[362530.63239999954,4555987.2893],[362575.0434999997,4556230.0744],[362605.07660000026,4556289.8795],[362676.1891999999,4556354.349099999],[362762.28259999957,4556486.8467999995],[362779.7121000001,4556618.5052000005],[362792.86120000016,4556648.964500001],[362801.4000000004,4556658.300000001],[363051.5098000001,4556762.008400001],[363304.1738999998,4556773.2421]]]}},{"type":"Feature","properties":{"cusec":"4304301001","mundissec":"43043001001","municipi_ine":"43043","pv_n":232,"pv_known_n":171,"pv_kw":987.0,"pv_edifici_n":232,"pv_edifici_known_n":171,"pv_edifici_kw":987.0,"buildings_n":1717,"functional_n":1655,"date_interval_n":470,"age_exact_n":1185,"age_median_exact":43.0,"age_median_min":36.0,"age_median_max":44.0,"age_exact_fraction":0.716012084592145,"pv_known_fraction":0.7370689655172413,"kw_per_100_buildings":59.637462235649544,"association_sample":true,"moran_sample":true,"moran_i":0.10487522760590144,"moran_p_sim":0.2004,"moran_quadrant":"HH","moran_fdr":false,"moran_z":0.3346955401683032,"moran_lag":0.31544814771290214,"neighbors":["4304301002","4309701001","4314807016","4312201001","4312601001","4316401001","4314401001"]},"geometry":{"type":"MultiPolygon","coordinates":[[[[362954.25179999974,4559615.903899999],[362016.7000000002,4559702.800000001],[362955.7999999998,4560586.199999999],[362972.94209999964,4560552.393300001],[362970.71499999985,4560497.959799999],[362893.76580000017,4560472.2283],[362869.76549999975,4560453.4241],[362859.62090000045,4560437.8365],[362847.7439000001,4560352.104],[362886.8655000003,4560162.615],[362883.6185999997,4560118.0404],[362861.5974000003,4560052.472999999],[362863.49760000035,4559987.3672],[362897.71999999974,4559894.121099999],[362966.8130000001,4559746.943600001],[362976.7468999997,4559667.4145],[362954.25179999974,4559615.903899999]]],[[[356947.0954,4562552.9175],[357469.2000000002,4563400.699999999],[357552.4118999997,4563381.5768],[357645.36760000046,4563379.644099999],[357732.93460000027,4563336.708799999],[357783.8875000002,4563339.929199999],[357811.36899999995,4563297.913699999],[357889.17650000006,4563295.051999999],[357958.1183000002,4563278.9614],[357998.6666000001,4563239.1833],[358050.2533999998,4563215.252800001],[358087.8063000003,4563174.353700001],[358126.2586000003,4563148.205800001],[358184.54140000045,4563132.012700001],[358230.29920000024,4563098.6603],[358307.10780000035,4562997.428300001],[358379.02799999993,4562924.3751],[358414.0,4562904.9],[358460.0,4562893.0],[358579.7000000002,4562952.5],[358604.76209999993,4562984.9595],[358630.6405999996,4562997.2809999995],[358653.5943,4562997.2808],[358675.8415000001,4562970.442500001],[358659.5968000004,4562902.287900001],[358667.4285000004,4562851.5087],[358710.23309999984,4562778.8390999995],[358741.3694000002,4562744.067500001],[358770.1601,4562740.0153],[358778.72140000015,4562767.689300001],[358801.21910000034,4562787.797700001],[358846.81159999967,4562782.023600001],[358881.95150000043,4562749.172800001],[358948.4480999997,4562655.0008000005],[359099.05420000013,4562507.3451000005],[359128.8543999996,4562494.2776999995],[359153.1520999996,4562491.1697],[359166.7137000002,4562498.232899999],[359195.18659999967,4562565.2995],[359231.88439999986,4562602.4443],[359246.99760000035,4562607.418500001],[359277.98000000045,4562590.8082],[359303.9367000004,4562573.8018],[359366.72919999994,4562509.3949],[359501.16779999994,4562283.8342],[359552.2132000001,4562228.147500001],[359619.34889999963,4562185.720899999],[359667.45210000034,4562117.5474],[359753.2999999998,4562093.0],[360622.9000000004,4561512.699999999],[360644.6054999996,4561460.3675999995],[360695.16220000014,4561221.453600001],[360739.7719999999,4561128.267000001],[360750.6763000004,4561075.7257],[360786.0148,4561023.968],[360860.9534,4561015.103700001],[360884.5225999998,4560998.7862],[361066.8439999996,4560621.539000001],[361054.9643000001,4560539.042300001],[361061.53589999955,4560508.884199999],[361054.05989999976,4560474.7651],[361055.51549999975,4560417.1457],[361027.0349000003,4560318.7127],[361027.4928000001,4560286.786],[361044.6031999998,4560223.646500001],[361022.5033,4560094.117900001],[360988.4715,4559986.627599999],[360994.34640000015,4559952.329399999],[361008.0,4559926.5],[360832.0999999996,4559293.4],[359839.7000000002,4558233.5],[358978.0999999996,4557363.1],[358913.0999999996,4556885.6],[358857.4620000003,4556894.096000001],[358748.6286000004,4556886.299900001],[358689.09499999974,4556871.274800001],[358628.8306,4556872.899599999],[358570.8030000003,4556887.3961],[358504.4036999997,4556939.1752],[358462.33330000006,4557070.100400001],[358467.29750000034,4557164.946699999],[358486.53780000005,4557238.060900001],[358465.99010000005,4557322.5287999995],[358459.1814000001,4557460.898800001],[358492.0076000001,4557538.941],[358590.7028000001,4557657.851600001],[358601.0376000004,4557700.1811999995],[358596.2719999999,4557730.976],[358581.2413999997,4557749.673],[358563.2778000003,4557749.306500001],[358466.8892999999,4557652.8769000005],[358430.42179999966,4557639.937100001],[358395.0226999996,4557645.315300001],[358362.53550000023,4557703.673],[358357.18960000016,4557737.0254],[358363.49980000034,4557822.046599999],[358348.7750000004,4557859.9111],[358296.05840000045,4557863.052200001],[358269.7246000003,4557874.338400001],[358211.4693,4557866.6698],[358189.7522999998,4557878.3638],[358170.3742000004,4557908.433800001],[358122.26329999976,4558026.0406],[358126.60730000027,4558093.5306],[358109.9023000002,4558160.0185],[358054.27359999996,4558216.817500001],[358012.17590000015,4558227.509299999],[357961.2000000002,4558224.1],[357963.7000000002,4558473.699999999],[357792.0,4558559.300000001],[357672.5,4558461.800000001],[357653.1157999998,4558435.4441],[357614.6341000004,4558468.177999999],[357610.0303999996,4558489.2918],[357621.3015999999,4558524.8518],[357551.7690000003,4558689.6347],[357513.66889999993,4558742.181],[357482.01049999986,4558823.411699999],[357457.6660000002,4558858.585999999],[357424.0554999998,4558881.074200001],[357363.17360000033,4558886.485099999],[357254.7472000001,4558934.4277],[357209.6621000003,4558944.4289],[357178.70579999965,4558977.2903],[357068.3710000003,4559030.6523],[357022.0159,4559034.9386],[356983.5982999997,4559049.067399999],[356929.1469999999,4559101.455],[356923.5906999996,4559138.1263],[356936.767,4559175.591399999],[356933.75069999974,4559195.752599999],[356909.93819999974,4559213.056399999],[356881.6805999996,4559257.6653],[356796.1141999997,4559303.226600001],[356742.0842000004,4559327.0056],[356637.8342000004,4559312.0056],[356556.3342000004,4559314.0056],[356518.0842000004,4559340.5056],[356485.8342000004,4559386.0056],[356490.5842000004,4559488.5056],[356508.5842000004,4559553.2556],[356531.8342000004,4559573.2556],[356506.0842000004,4559615.0056],[356487.73000000045,4559685.869999999],[356449.3200000003,4559717.640000001],[356389.2599999998,4559723.949999999],[356355.73319999967,4559799.308700001],[356306.9296000004,4559811.6917],[356226.78780000005,4559866.093900001],[356127.56879999954,4559915.624],[356115.34509999957,4559932.134099999],[356131.95409999974,4559991.7711],[356136.80150000006,4560180.229800001],[356145.5378999999,4560186.8796],[356046.13599999994,4560256.4088],[356115.7739000004,4560311.601500001],[356116.69519999996,4560323.2215],[356071.5502000004,4560388.476],[356033.92640000023,4560395.6197],[355998.6802000003,4560532.2765999995],[355941.5716000004,4560588.217700001],[355927.5429999996,4560591.661499999],[355949.78170000017,4560669.7743],[355983.1355999997,4560727.4636],[356030.375,4560774.1304],[356242.8092,4560945.6238],[356282.31850000005,4560998.0166],[356306.9402999999,4561061.0024],[356312.6300999997,4561129.2205],[356295.6314000003,4561260.6963],[356298.4944000002,4561314.5206],[356314.5999999996,4561375.0],[356299.37799999956,4561406.7151],[356254.09800000023,4561431.2568],[356249.70050000027,4561445.182600001],[356237.0373999998,4561616.3541],[356243.34250000026,4561674.863700001],[356195.65950000007,4561815.747400001],[356189.11429999955,4561908.645400001],[356194.7134999996,4562006.909499999],[356175.30399999954,4562109.100299999],[356179.4000000004,4562254.0],[356216.5,4562465.699999999],[356228.7383000003,4562487.873299999],[356288.4941999996,4562550.399],[356301.5407999996,4562609.0295],[356350.55009999964,4562700.096000001],[356380.43680000026,4562809.440199999],[356429.449,4562936.954700001],[356525.2999999998,4563074.1],[356304.0999999996,4563537.699999999],[356862.5,4563226.300000001],[356873.5209999997,4563080.2333],[356871.7999999998,4562838.6],[356947.0954,4562552.9175]]]]}},{"type":"Feature","properties":{"cusec":"4304301002","mundissec":"43043001002","municipi_ine":"43043","pv_n":205,"pv_known_n":155,"pv_kw":774.0,"pv_edifici_n":205,"pv_edifici_known_n":155,"pv_edifici_kw":774.0,"buildings_n":1128,"functional_n":1102,"date_interval_n":412,"age_exact_n":690,"age_median_exact":36.0,"age_median_min":29.0,"age_median_max":37.0,"age_exact_fraction":0.6261343012704175,"pv_known_fraction":0.7560975609756098,"kw_per_100_buildings":70.23593466424683,"association_sample":true,"moran_sample":true,"moran_i":0.22100237383064888,"moran_p_sim":0.0437,"moran_quadrant":"HH","moran_fdr":false,"moran_z":0.4222220882850544,"moran_lag":0.5269397727214634,"neighbors":["4304301001","4314807003","4314807007","4310001001","4310001002","4310001003","4314807013","4314807016","4314401001"]},"geometry":{"type":"Polygon","coordinates":[[[356385.5700000003,4559727.460000001],[356449.3200000003,4559717.640000001],[356487.73000000045,4559685.869999999],[356506.0842000004,4559615.0056],[356531.0842000004,4559576.0056],[356530.0842000004,4559567.5056],[356508.5842000004,4559553.2556],[356490.5842000004,4559488.5056],[356485.8342000004,4559386.0056],[356508.5842000004,4559349.7556],[356556.3342000004,4559314.0056],[356637.8342000004,4559312.0056],[356742.0842000004,4559327.0056],[356796.1141999997,4559303.226600001],[356881.6805999996,4559257.6653],[356909.93819999974,4559213.056399999],[356933.75069999974,4559195.752599999],[356936.767,4559175.591399999],[356923.5906999996,4559138.1263],[356929.1469999999,4559101.455],[356983.5982999997,4559049.067399999],[357022.0159,4559034.9386],[357068.3710000003,4559030.6523],[357178.70579999965,4558977.2903],[357209.6621000003,4558944.4289],[357254.7472000001,4558934.4277],[357363.17360000033,4558886.485099999],[357424.0554999998,4558881.074200001],[357457.6660000002,4558858.585999999],[357482.01049999986,4558823.411699999],[357513.66889999993,4558742.181],[357551.7690000003,4558689.6347],[357621.3015999999,4558524.8518],[357610.0303999996,4558489.2918],[357614.6341000004,4558468.177999999],[357653.1157999998,4558435.4441],[357519.2999999998,4558253.5],[357442.81460000016,4558196.592599999],[357414.88210000005,4558156.058],[357370.1246999996,4558050.3398],[357359.61539999954,4558038.9549],[357303.5661000004,4558017.936799999],[357283.42310000025,4557979.4032000005],[357271.16170000006,4557892.702199999],[357253.20799999963,4557838.4046],[357133.3576999996,4557774.8332],[357020.9000000004,4557642.699999999],[356977.8986999998,4557532.713500001],[356959.55759999994,4557435.220899999],[356961.21050000004,4557396.3719999995],[356995.9254999999,4557270.732899999],[356992.6190999998,4557250.895199999],[356947.17980000004,4557203.308599999],[356887.6679999996,4557088.705],[356869.426,4557069.565400001],[356769.9447999997,4557010.224099999],[356675.87040000036,4556975.661699999],[356612.7209000001,4556934.0825],[356554.76850000024,4556847.805],[356556.6242000004,4556786.3718],[356572.2999999998,4556720.6],[356268.7999999998,4556389.9],[355981.2421000004,4556392.1548],[355838.72229999956,4556407.526000001],[355780.14520000014,4556427.2413],[355744.3066999996,4556449.234099999],[355659.0809000004,4556505.9011],[355551.1366999997,4556603.4241],[355451.55929999985,4556645.851399999],[355356.71079999954,4556717.1556],[355206.0728000002,4556944.3697999995],[355109.70600000024,4557036.1873],[355106.5999999996,4557049.300000001],[354939.7999999998,4557195.9],[354956.5,4557726.4],[354944.0,4557863.9],[355153.22950000037,4558456.4388999995],[355172.1632000003,4558685.618100001],[355187.9757000003,4558736.886600001],[355391.3091000002,4559016.5514],[355685.9961000001,4559210.613399999],[355711.6683,4559242.6203000005],[355714.6409999998,4559400.891000001],[355643.74069999997,4559569.6679],[355687.2000000002,4559656.6],[355708.63599999994,4559736.274900001],[355722.0306000002,4560044.925799999],[355730.3332000002,4560094.169299999],[355757.3280999996,4560151.017100001],[355836.96910000034,4560261.8948],[355855.7324000001,4560299.7323],[355927.5429999996,4560591.661499999],[355941.5716000004,4560588.217700001],[355998.6802000003,4560532.2765999995],[356033.92640000023,4560395.6197],[356071.5502000004,4560388.476],[356116.69519999996,4560323.2215],[356115.7739000004,4560311.601500001],[356046.13599999994,4560256.4088],[356145.5378999999,4560186.8796],[356136.80150000006,4560180.229800001],[356139.2142000003,4560081.562000001],[356118.2026000004,4559926.895300001],[356312.8936999999,4559808.494200001],[356351.7400000002,4559802.27],[356367.1434000004,4559781.57],[356385.5700000003,4559727.460000001]]]}},{"type":"Feature","properties":{"cusec":"4304701001","mundissec":"43047701001","municipi_ine":"43047","pv_n":33,"pv_known_n":20,"pv_kw":95.0,"pv_edifici_n":33,"pv_edifici_known_n":20,"pv_edifici_kw":95.0,"buildings_n":462,"functional_n":429,"date_interval_n":72,"age_exact_n":356,"age_median_exact":51.5,"age_median_min":43.0,"age_median_max":51.0,"age_exact_fraction":0.8298368298368298,"pv_known_fraction":0.6060606060606061,"kw_per_100_buildings":22.144522144522146,"association_sample":true,"moran_sample":true,"moran_i":-0.13140318234728832,"moran_p_sim":0.0135,"moran_quadrant":"LH","moran_fdr":false,"moran_z":-0.18864228150375398,"moran_lag":0.7012483195466558,"neighbors":["4314807002","4304702001","4304701002","4310001001","4314807012","4310301001","4310901002","4314806006"]},"geometry":{"type":"Polygon","coordinates":[[[349802.7926000003,4559945.136499999],[349902.88019999955,4559926.8728],[349973.4338999996,4559872.409499999],[350057.29360000044,4559786.073000001],[350095.35500000045,4559702.212400001],[350115.15950000007,4559681.1698],[350154.14910000004,4559584.002900001],[350160.64690000005,4559502.618100001],[350146.72140000015,4559454.3444],[350151.9000000004,4559375.4],[351805.2999999998,4559082.0],[351837.14919999987,4558931.6504],[351878.1162999999,4558839.4724],[351929.32550000027,4558752.4154],[351949.0741999997,4558666.1634],[351938.5,4558546.4],[352079.2999999998,4558354.800000001],[352096.6386000002,4558189.6921],[352116.53809999954,4558142.298699999],[352094.01889999956,4558022.375499999],[352086.9480999997,4557882.0287],[352047.7000000002,4557740.4],[352048.4040999999,4557701.148600001],[352069.39410000015,4557622.1633],[352046.67080000043,4557422.6448],[352074.8019000003,4557342.7938],[352061.4073999999,4557221.242000001],[352110.8320000004,4557136.861099999],[352137.08829999994,4557037.1164],[352152.5999999996,4557008.699999999],[351308.5999999996,4556311.4],[351126.0,4556473.1],[350711.3136,4556190.5364],[350542.1161000002,4556441.2544],[350457.4491999997,4556594.1839000005],[350458.2429999998,4556639.692299999],[350447.1626000004,4556693.1698],[350325.19770000037,4557104.952],[350183.96279999986,4557234.4922],[350117.7110000001,4557275.3440000005],[350008.70249999966,4557375.6742],[349982.6673999997,4557425.627599999],[350001.08249999955,4557529.7678],[349902.4456000002,4557607.4496],[349908.99650000036,4557706.960999999],[350379.2385999998,4557276.4846],[350494.5125000002,4557403.2256000005],[350545.84169999976,4557367.5068],[350566.0823999997,4557372.269300001],[350595.05429999996,4557398.9923],[350607.0928999996,4557399.918299999],[350715.65639999975,4557301.1077],[350720.6835000003,4557283.3806],[350561.0033,4557109.331700001],[350618.1534000002,4557057.8171999995],[350643.7916000001,4557086.154100001],[350615.0577999996,4557112.1098],[350750.81709999964,4557262.3983],[350733.4709999999,4557407.4749],[350797.1403000001,4557477.308499999],[350656.2167999996,4557605.116],[350143.8300000001,4557798.3145],[350016.17530000024,4557794.694800001],[349914.65189999994,4557765.218800001],[349993.5011999998,4557911.482799999],[350040.4912999999,4558090.394400001],[350044.77749999985,4558138.4958],[349978.1024000002,4558331.3774],[349927.61980000045,4558388.0513],[349912.0621999996,4558419.0076],[349903.966,4558606.6504],[349849.4352000002,4558919.864800001],[349858.4840000002,4558984.476199999],[349889.5991000002,4559098.3002],[349888.6465999996,4559172.277799999],[349836.4177000001,4559329.1230999995],[349804.8320000004,4559489.6731],[349719.9006000003,4559763.3587],[349730.34020000044,4559837.7775],[349802.7926000003,4559945.136499999]]]}},{"type":"Feature","properties":{"cusec":"4304701002","mundissec":"43047701002","municipi_ine":"43047","pv_n":3,"pv_known_n":1,"pv_kw":3.0,"pv_edifici_n":3,"pv_edifici_known_n":1,"pv_edifici_kw":3.0,"buildings_n":60,"functional_n":60,"date_interval_n":1,"age_exact_n":59,"age_median_exact":16.0,"age_median_min":16.0,"age_median_max":16.0,"age_exact_fraction":0.9833333333333333,"pv_known_fraction":0.3333333333333333,"kw_per_100_buildings":5.0,"association_sample":true,"moran_sample":true,"moran_i":-0.44354206055358436,"moran_p_sim":0.262,"moran_quadrant":"LH","moran_fdr":false,"moran_z":-0.9221748193418088,"moran_lag":0.48420195774266567,"neighbors":["4304701001","4304702001"]},"geometry":{"type":"Polygon","coordinates":[[[350132.29480000027,4557799.997099999],[350656.2167999996,4557605.116],[350797.1403000001,4557477.308499999],[350733.4709999999,4557407.4749],[350750.81709999964,4557262.3983],[350615.0577999996,4557112.1098],[350643.7916000001,4557086.154100001],[350618.1534000002,4557057.8171999995],[350561.0033,4557109.331700001],[350720.6835000003,4557283.3806],[350715.65639999975,4557301.1077],[350607.0928999996,4557399.918299999],[350595.05429999996,4557398.9923],[350566.0823999997,4557372.269300001],[350545.84169999976,4557367.5068],[350494.5125000002,4557403.2256000005],[350379.2385999998,4557276.4846],[349908.99650000036,4557706.960999999],[349914.65189999994,4557765.218800001],[349940.88320000004,4557777.1974],[350032.1085000001,4557796.6154],[350132.29480000027,4557799.997099999]]]}},{"type":"Feature","properties":{"cusec":"4304702001","mundissec":"43047702001","municipi_ine":"43047","pv_n":88,"pv_known_n":77,"pv_kw":2672.0,"pv_edifici_n":86,"pv_edifici_known_n":75,"pv_edifici_kw":2577.0,"buildings_n":1001,"functional_n":939,"date_interval_n":202,"age_exact_n":735,"age_median_exact":43.0,"age_median_min":34.0,"age_median_max":43.0,"age_exact_fraction":0.7827476038338658,"pv_known_fraction":0.872093023255814,"kw_per_100_buildings":274.4408945686901,"association_sample":true,"moran_sample":true,"moran_i":0.5664518560488201,"moran_p_sim":0.1272,"moran_quadrant":"HH","moran_fdr":false,"moran_z":1.1570461969890853,"moran_lag":0.4928528764381322,"neighbors":["4304701001","4304701002","4310301001","4310901002","4314806006"]},"geometry":{"type":"Polygon","coordinates":[[[347589.5,4561529.9],[347659.9000000004,4561550.9],[347752.6283999998,4561540.4014],[347791.3044999996,4561500.1524],[347818.7067,4561387.358200001],[347868.1350999996,4561332.594900001],[347886.27080000006,4561322.9935],[347932.85479999986,4561319.081499999],[348002.83440000005,4561269.107999999],[348067.67080000043,4561181.5832],[348078.76389999967,4561183.574200001],[348099.81259999983,4561211.1646],[348118.2547000004,4561214.391899999],[348271.2100999998,4561133.6318],[348282.9978,4561122.016899999],[348284.00549999997,4561081.0940000005],[348294.48790000007,4561045.009199999],[348321.7023,4560998.24],[348333.9992000004,4560990.781099999],[348383.03089999966,4560988.5219],[348429.75430000015,4560931.4120000005],[348534.9840000002,4560866.7006],[348578.3256000001,4560818.7217],[348617.1319000004,4560835.655099999],[348639.2062999997,4560861.256899999],[348647.87459999975,4560857.8298],[348650.19269999955,4560825.776900001],[348677.69010000024,4560760.0131],[348708.89580000006,4560732.0843],[348722.5744000003,4560636.4716],[348711.1747000003,4560603.1284],[348752.6397000002,4560555.250600001],[348727.13320000004,4560517.9177],[348707.2000000002,4560464.5],[348732.8108999999,4560432.6138],[348773.82519999985,4560430.954],[348801.3849999998,4560390.0581],[348840.5619000001,4560385.9089],[348896.51180000044,4560366.4682],[348966.09329999983,4560309.2137],[349003.61010000017,4560236.4309],[348972.0784999998,4560172.7761],[348986.8886000002,4560104.468800001],[349034.2583999997,4560101.116800001],[349074.92459999956,4560059.7797],[349185.75179999974,4560034.083000001],[349251.6676000003,4560066.4816],[349281.3854,4560068.7158],[349390.08970000036,4560004.6987],[349417.2377000004,4559970.1767],[349457.4572999999,4559964.366900001],[349579.00960000046,4559913.6445],[349616.99480000045,4559910.739499999],[349650.9581000004,4559918.336200001],[349683.2460000003,4559979.7827],[349727.82299999986,4560008.6064],[349753.9656999996,4560001.902899999],[349767.1485000001,4559961.459799999],[349802.7926000003,4559945.136499999],[349730.34020000044,4559837.7775],[349719.9006000003,4559763.3587],[349804.8320000004,4559489.6731],[349836.4177000001,4559329.1230999995],[349888.6465999996,4559172.277799999],[349889.5991000002,4559098.3002],[349858.4840000002,4558984.476199999],[349849.4352000002,4558919.864800001],[349903.966,4558606.6504],[349912.0621999996,4558419.0076],[349927.61980000045,4558388.0513],[349978.1024000002,4558331.3774],[350044.77749999985,4558138.4958],[350040.4912999999,4558090.394400001],[349993.5011999998,4557911.482799999],[349914.65189999994,4557765.218800001],[349902.4456000002,4557607.4496],[350001.08249999955,4557529.7678],[349982.6673999997,4557425.627599999],[350008.70249999966,4557375.6742],[350117.7110000001,4557275.3440000005],[350183.96279999986,4557234.4922],[350325.19770000037,4557104.952],[350447.1626000004,4556693.1698],[350458.2429999998,4556639.692299999],[350457.4491999997,4556594.1839000005],[350542.1161000002,4556441.2544],[350711.3136,4556190.5364],[350385.7999999998,4555975.800000001],[350410.0999999996,4555887.4],[349981.7000000002,4555450.0],[349800.7999999998,4555187.800000001],[349680.0,4554956.1],[349310.9000000004,4555245.699999999],[348691.2999999998,4554720.5],[348328.9000000004,4554995.9],[348172.0999999996,4554918.300000001],[347643.2999999998,4555381.4],[347348.9000000004,4555512.800000001],[347032.5999999996,4556355.1],[346865.2673000004,4556447.4331],[346773.3457000004,4556528.032199999],[346548.95380000025,4556706.5494],[346529.5,4556714.9],[346465.93450000044,4556808.368100001],[346392.2608000003,4556859.649700001],[346370.2000000002,4556966.699999999],[346136.81259999983,4556969.4603],[346008.70940000005,4556987.267000001],[345844.89269999973,4557025.8050999995],[345662.4000000004,4557047.9],[344289.2999999998,4559341.800000001],[344777.2999999998,4559539.6],[344803.51439999975,4559576.968599999],[344860.3635,4559627.457599999],[344888.1596999997,4559673.6533],[345011.61199999973,4559823.145300001],[345113.66170000006,4560141.8741],[345169.46719999984,4560251.304400001],[345200.1875,4560285.658],[345421.04310000036,4560426.3462000005],[345452.3898,4560435.2128],[345524.17480000015,4560437.5667],[345738.1210000003,4560542.745200001],[345827.5817999998,4560597.0394],[345913.3108000001,4560668.831599999],[346011.4824000001,4560800.6019],[346167.64389999956,4560946.585999999],[346230.6595999999,4561048.043500001],[346440.0181,4561291.880000001],[346496.4593000002,4561427.4147],[346540.51379999984,4561589.7686],[346637.6079000002,4561677.5897],[346728.9000000004,4561848.199999999],[347589.5,4561529.9]]]}},{"type":"Feature","properties":{"cusec":"4305001001","mundissec":"43050901001","municipi_ine":"43050","pv_n":90,"pv_known_n":64,"pv_kw":425.0,"pv_edifici_n":90,"pv_edifici_known_n":64,"pv_edifici_kw":425.0,"buildings_n":667,"functional_n":653,"date_interval_n":123,"age_exact_n":530,"age_median_exact":46.0,"age_median_min":40.0,"age_median_max":45.0,"age_exact_fraction":0.8116385911179173,"pv_known_fraction":0.7111111111111111,"kw_per_100_buildings":65.08422664624808,"association_sample":true,"moran_sample":true,"moran_i":-0.027963480510937107,"moran_p_sim":0.3629,"moran_quadrant":"HL","moran_fdr":false,"moran_z":0.3814336712234031,"moran_lag":-0.07380353912251857,"neighbors":["4305001002"]},"geometry":{"type":"Polygon","coordinates":[[[368977.9160000002,4559079.9684999995],[369001.64360000007,4559021.3785],[369054.7988,4558932.6982],[369088.9983999999,4558843.4877],[369353.05090000015,4558746.058599999],[369556.62629999965,4558621.1033],[369579.47979999986,4558586.353700001],[369578.15869999956,4558520.5305],[369902.99450000003,4558651.9044],[370048.3590000002,4558320.8379999995],[369404.07019999996,4558015.9605],[368965.2150999997,4557881.2399],[368896.86390000023,4557850.7546],[368838.00879999995,4557808.866699999],[368816.4020999996,4557842.005799999],[368843.70880000014,4558032.357000001],[368733.8194000004,4558020.294299999],[368740.7637,4558140.8926],[368768.88829999976,4558284.786900001],[368803.70749999955,4558285.3160999995],[368785.0066999998,4558370.668099999],[368736.43659999967,4558506.433499999],[368708.1261,4558522.573100001],[368655.3415999999,4558522.176200001],[368650.3498999998,4558750.552300001],[368678.76690000016,4558752.513699999],[368693.37799999956,4558822.561000001],[368833.68400000036,4558994.369200001],[368951.3063000003,4559084.805199999],[368977.9160000002,4559079.9684999995]]]}},{"type":"Feature","properties":{"cusec":"4305001002","mundissec":"43050901002","municipi_ine":"43050","pv_n":115,"pv_known_n":85,"pv_kw":362.0,"pv_edifici_n":115,"pv_edifici_known_n":85,"pv_edifici_kw":362.0,"buildings_n":1321,"functional_n":1312,"date_interval_n":281,"age_exact_n":1031,"age_median_exact":43.0,"age_median_min":41.0,"age_median_max":43.0,"age_exact_fraction":0.7858231707317073,"pv_known_fraction":0.7391304347826086,"kw_per_100_buildings":27.591463414634145,"association_sample":true,"moran_sample":true,"moran_i":-0.021116247140777242,"moran_p_sim":0.2541,"moran_quadrant":"LH","moran_fdr":false,"moran_z":-0.07380353912251857,"moran_lag":0.28803451938742347,"neighbors":["4305001001","4311101001","4315301008","4313101001","4313101002","4313101003"]},"geometry":{"type":"Polygon","coordinates":[[[367530.34509999957,4563511.8463],[367578.27240000013,4563491.721899999],[367679.68850000016,4563479.805],[367707.7564000003,4563467.094799999],[367718.3482999997,4563451.7368],[367743.2388000004,4563446.4406],[367904.4988000002,4563483.510299999],[368053.1803000001,4563445.2466],[368072.77469999995,4563432.006999999],[368125.0713999998,4563382.6225000005],[368127.0610999996,4563270.0549],[368156.9126000004,4563199.263],[368152.0075000003,4563116.3178],[368163.4740000004,4563066.537799999],[368443.7137000002,4562825.1142],[368879.0086000003,4562397.3748],[368887.05759999994,4562188.653899999],[368851.176,4561990.4519],[368539.2379999999,4561589.382999999],[368401.4173999997,4561608.694700001],[368549.1179999998,4561004.6406],[368610.65919999965,4560821.0494],[368392.2885999996,4560654.2673],[368355.7478,4560215.0473],[368795.9866000004,4559441.452299999],[369057.68659999967,4559524.672800001],[369132.82079999987,4559396.0022],[369407.31510000024,4559506.001700001],[369466.91280000005,4559466.302100001],[369489.80069999956,4559482.8686],[369578.9737,4559380.702099999],[369623.31549999956,4559396.0668],[369634.34190000035,4559373.5901999995],[369747.45019999985,4559401.146],[369795.14749999996,4559424.798699999],[369806.0231999997,4559390.0154],[370008.4746000003,4559524.5897],[370065.0943,4559413.751599999],[370045.69409999996,4559374.3737],[370025.3161000004,4559264.348200001],[370123.01860000007,4559048.945599999],[370272.51520000026,4559096.9714],[370281.8250000002,4559134.7355],[370367.89080000017,4559149.613399999],[370554.16509999987,4559214.125600001],[370583.6283999998,4558995.673900001],[370687.1129999999,4558538.1479],[370522.7734000003,4558471.6436],[370703.3241999997,4558141.6711],[370757.1946999999,4558026.7831],[370433.41000000015,4557829.050000001],[370339.0,4557742.539999999],[369928.33999999985,4557541.75],[369497.0099999998,4557355.98],[369416.70999999996,4557307.390000001],[369308.13999999966,4557257.91],[369138.9068999998,4557159.0364],[368976.21499999985,4557481.699999999],[368888.801,4557619.5030000005],[368795.5,4557719.9],[368586.95100000035,4557893.832],[368478.7000000002,4557970.699999999],[368438.64549999963,4557940.8795],[368423.5999999996,4557957.9],[368209.3858000003,4558030.5768],[368117.5,4558093.1],[368085.7999999998,4558078.1],[367821.7000000002,4558225.699999999],[367657.1687000003,4558896.437000001],[367639.7154000001,4558932.2082],[367566.8196999999,4558981.3618],[367541.2084999997,4559026.6141],[367567.5159,4559199.2127],[367592.63350000046,4559230.3396000005],[367630.92650000006,4559253.4539],[367638.13850000035,4559268.170700001],[367639.2483000001,4559315.707800001],[367621.16779999994,4559361.301100001],[367617.6200000001,4559471.6252999995],[367656.47860000003,4559679.0087],[367642.4008999998,4559720.7684],[367573.8026999999,4559833.5546],[367555.5739000002,4559927.818499999],[367528.18939999957,4560005.1866999995],[367463.93039999995,4560092.213400001],[367451.4463999998,4560157.9421],[367388.53390000015,4560281.443700001],[367371.8881000001,4560334.0755],[367355.15830000024,4560425.888699999],[367330.29870000016,4560487.5845],[367321.8822999997,4560564.1702],[367271.4523,4560633.372199999],[367263.46750000026,4560660.829399999],[367245.81989999954,4560784.5066],[367208.5990000004,4560941.611099999],[367183.6202999996,4561117.390699999],[367187.92569999956,4561164.749600001],[367247.13999999966,4561270.492799999],[367171.24149999954,4561421.786800001],[367219.13740000036,4561586.0865],[367087.03450000007,4561676.6647],[367006.2026000004,4561791.285599999],[366985.63239999954,4561837.297800001],[366913.3180999998,4561871.509299999],[366837.4743999997,4561926.486500001],[366772.8032999998,4561989.8621],[366751.5116999997,4562032.228399999],[366751.5493000001,4562052.848300001],[366849.7293999996,4562127.0397],[366869.61730000004,4562172.4701000005],[366886.9848999996,4562310.4957],[366870.4612999996,4562371.4855],[366844.0906999996,4562408.2937],[366847.57299999986,4562527.3949],[366867.4308000002,4562560.961200001],[366905.92980000004,4562694.2598],[366926.4478000002,4562879.9208],[366969.08189999964,4563009.2377],[367028.9798999997,4563079.2259],[367069.7319,4563197.7272],[367103.5804000003,4563244.081499999],[367165.0772000002,4563289.5781],[367205.56989999954,4563293.976399999],[367250.45600000024,4563315.592599999],[367294.8344999999,4563353.7436999995],[367318.66789999977,4563410.758199999],[367318.5387000004,4563457.0857],[367385.36980000045,4563455.0492],[367449.9797,4563495.032299999],[367488.1105000004,4563509.596100001],[367530.34509999957,4563511.8463]],[[368833.68400000036,4558994.369200001],[368693.37799999956,4558822.561000001],[368678.76690000016,4558752.513699999],[368650.3498999998,4558750.552300001],[368655.3415999999,4558522.176200001],[368708.1261,4558522.573100001],[368736.43659999967,4558506.433499999],[368785.0066999998,4558370.668099999],[368803.70749999955,4558285.3160999995],[368768.88829999976,4558284.786900001],[368740.7637,4558140.8926],[368733.8194000004,4558020.294299999],[368843.70880000014,4558032.357000001],[368816.4020999996,4557842.005799999],[368838.00879999995,4557808.866699999],[368896.86390000023,4557850.7546],[368965.2150999997,4557881.2399],[369404.07019999996,4558015.9605],[370048.3590000002,4558320.8379999995],[369902.99450000003,4558651.9044],[369578.15869999956,4558520.5305],[369579.47979999986,4558586.353700001],[369556.62629999965,4558621.1033],[369353.05090000015,4558746.058599999],[369088.9983999999,4558843.4877],[369054.7988,4558932.6982],[369001.64360000007,4559021.3785],[368977.9160000002,4559079.9684999995],[368951.3063000003,4559084.805199999],[368833.68400000036,4558994.369200001]]]}},{"type":"Feature","properties":{"cusec":"4309501001","mundissec":"43095701001","municipi_ine":"43095","pv_n":34,"pv_known_n":25,"pv_kw":184.0,"pv_edifici_n":34,"pv_edifici_known_n":25,"pv_edifici_kw":184.0,"buildings_n":583,"functional_n":569,"date_interval_n":87,"age_exact_n":482,"age_median_exact":106.0,"age_median_min":66.0,"age_median_max":106.0,"age_exact_fraction":0.8471001757469244,"pv_known_fraction":0.7352941176470589,"kw_per_100_buildings":32.33743409490334,"association_sample":true,"moran_sample":true,"moran_i":0.007104346228230165,"moran_p_sim":0.0321,"moran_quadrant":"HH","moran_fdr":false,"moran_z":0.009641423791168434,"moran_lag":0.7418018914187576,"neighbors":["4309501002","4310301001","4310901001","4310901002","4316601001"]},"geometry":{"type":"Polygon","coordinates":[[[351631.0,4564424.1],[351855.5999999996,4564387.6],[351890.2000000002,4564220.9],[351876.5719999997,4564047.0766],[351840.8158999998,4563828.080800001],[351830.5416000001,4563687.4515],[351844.6297000004,4563459.195800001],[351858.7636000002,4563372.250700001],[351904.1266999999,4563255.2641],[351920.5127999997,4563068.297900001],[351918.0999999996,4562899.199999999],[351776.38740000036,4562516.4847],[351784.8876,4562409.2981],[351877.4883000003,4562148.026000001],[351900.6224999996,4562038.1646],[351797.5066999998,4561759.722999999],[351046.81989999954,4561669.7425],[350703.17179999966,4561604.388900001],[350405.9227,4561520.326099999],[350265.73759999964,4561469.1185],[350080.74679999985,4561391.6423],[349837.75459999964,4561269.7863],[349769.4863999998,4561289.2883],[349702.8842000002,4561322.563999999],[349679.0719999997,4561363.5748],[349599.69880000036,4561640.0659],[349614.2514000004,4561690.3368],[349649.9704999998,4561719.4408],[349769.0362999998,4562101.7641],[349782.2659,4562156.003799999],[349784.91309999954,4562342.535800001],[349825.92459999956,4562466.8901],[349860.3222000003,4562681.203],[349851.0621999996,4562743.3804],[349798.1465999996,4562911.391899999],[349694.0087000001,4563103.2433],[350507.96520000044,4562809.138800001],[350763.1682000002,4562777.9308],[350748.52799999993,4562748.250399999],[350930.5502000004,4562657.933499999],[350954.1683,4562728.929400001],[350998.7845999999,4562959.4498],[350990.61679999996,4563053.6905000005],[350523.8739,4563092.886700001],[350742.2000000002,4564212.9],[350766.6908,4564203.3981],[350862.83490000013,4564102.329500001],[350904.53610000014,4564081.768100001],[350927.9932000004,4564095.668400001],[351009.95270000026,4564174.596100001],[351050.5976,4564186.9318],[351086.55730000045,4564158.346000001],[351127.0011,4564078.9376],[351149.0535000004,4564063.0261],[351174.4559000004,4564065.5382],[351224.79110000003,4564100.1214000005],[351257.7000000002,4564094.5],[351404.2000000002,4564556.4],[351631.0,4564424.1]]]}},{"type":"Feature","properties":{"cusec":"4309501002","mundissec":"43095701002","municipi_ine":"43095","pv_n":77,"pv_known_n":62,"pv_kw":427.0,"pv_edifici_n":77,"pv_edifici_known_n":62,"pv_edifici_kw":427.0,"buildings_n":281,"functional_n":279,"date_interval_n":39,"age_exact_n":240,"age_median_exact":22.0,"age_median_min":21.0,"age_median_max":24.0,"age_exact_fraction":0.8602150537634409,"pv_known_fraction":0.8051948051948052,"kw_per_100_buildings":153.04659498207886,"association_sample":true,"moran_sample":true,"moran_i":0.4809118496571756,"moran_p_sim":0.0848,"moran_quadrant":"HH","moran_fdr":false,"moran_z":0.841291126846606,"moran_lag":0.5754719508076702,"neighbors":["4309501001","4310301001","4310901001","4310901002","4316601001"]},"geometry":{"type":"MultiPolygon","coordinates":[[[[348592.3224999998,4562390.594699999],[348252.0999999996,4561823.6],[347839.4000000004,4561870.1],[348208.2407999998,4562571.0548],[348592.3224999998,4562390.594699999]]],[[[347191.9000000004,4562060.300000001],[347133.96160000004,4561968.471000001],[346815.9000000004,4562088.6],[346956.73790000007,4562230.303400001],[346984.28720000014,4562306.3257],[347024.67449999973,4562486.0381000005],[347085.4000000004,4562635.199999999],[347250.7396999998,4562503.93],[347085.63740000036,4562112.575200001],[347191.9000000004,4562060.300000001]]],[[[349857.6760999998,4562642.838300001],[349825.92459999956,4562466.8901],[349784.91309999954,4562342.535800001],[349782.2659,4562156.003799999],[349769.0362999998,4562101.7641],[349649.9704999998,4561719.4408],[349614.2514000004,4561690.3368],[349599.69880000036,4561640.0659],[349688.3322999999,4561339.7621],[349702.8842000002,4561322.563999999],[349769.4863999998,4561289.2883],[349837.75459999964,4561269.7863],[349819.2627999997,4561259.4661],[349226.3722000001,4561359.162699999],[349040.23780000024,4561750.062899999],[348530.2114000004,4561797.9078],[348499.5,4561794.0],[348690.3733999999,4562097.986],[348834.5725999996,4562360.3188000005],[348842.60919999983,4562369.0647],[348975.13630000036,4562289.5372],[349215.2103000004,4562694.240499999],[349278.1514999997,4562696.773],[349362.80759999994,4562652.513699999],[349416.77020000014,4562633.5229],[349527.7368999999,4562651.0285],[349596.01889999956,4562631.499],[349613.4813000001,4562612.322799999],[349682.5071999999,4563107.3991],[349694.0087000001,4563103.2433],[349798.1465999996,4562911.391899999],[349857.6765999999,4562715.598999999],[349857.6760999998,4562642.838300001]]]]}},{"type":"Feature","properties":{"cusec":"4309701001","mundissec":"43097601001","municipi_ine":"43097","pv_n":17,"pv_known_n":10,"pv_kw":94.0,"pv_edifici_n":17,"pv_edifici_known_n":10,"pv_edifici_kw":94.0,"buildings_n":284,"functional_n":267,"date_interval_n":31,"age_exact_n":235,"age_median_exact":61.0,"age_median_min":56.0,"age_median_max":66.0,"age_exact_fraction":0.8801498127340824,"pv_known_fraction":0.5882352941176471,"kw_per_100_buildings":35.2059925093633,"association_sample":true,"moran_sample":true,"moran_i":0.009312702046370672,"moran_p_sim":0.3744,"moran_quadrant":"HH","moran_fdr":false,"moran_z":0.054492218586570926,"moran_lag":0.1720466452928934,"neighbors":["4301201001","4304301001","4311101001","4312601001","4316401001"]},"geometry":{"type":"Polygon","coordinates":[[[365566.7000000002,4562378.300000001],[365527.8099999996,4562298.786900001],[365404.4759999998,4562157.9222],[365385.12930000015,4562109.556500001],[365346.43620000035,4562055.145199999],[365316.33189999964,4562023.291200001],[365241.84449999966,4561980.1789],[365186.2232999997,4561920.9311999995],[365122.7423999999,4561827.2228],[365056.23890000023,4561778.8574],[365016.94099999964,4561691.7992],[364954.06539999973,4561692.404200001],[364942.57830000017,4561667.616800001],[364937.5604999997,4561625.919],[364957.99399999995,4561545.492900001],[364951.64580000006,4561522.519200001],[364935.32210000046,4561497.731799999],[364877.28280000016,4561462.0624],[364847.6584999999,4561433.043099999],[364789.6188000003,4561345.3804],[364728.2999999998,4561298.4],[364868.5,4560750.1],[364859.2999999998,4560155.5],[364501.0,4559802.300000001],[364274.2999999998,4559535.699999999],[364252.81429999974,4559436.568299999],[364255.6771,4559410.9264],[364342.0412999997,4559231.5275],[364370.2000000002,4559190.0],[364314.1052000001,4559171.034399999],[364256.03920000046,4559133.661800001],[364175.5921,4559122.6828000005],[364102.5346999997,4559094.3893],[364114.78089999966,4559044.558800001],[363995.5999999996,4558982.800000001],[363718.7999999998,4559292.9],[363196.9000000004,4559463.800000001],[363114.1163999997,4559441.174900001],[363029.9000000004,4559440.4],[362944.0,4559618.0],[362949.47020000033,4559611.4484],[362954.25179999974,4559615.903899999],[362972.9434000002,4559649.048900001],[362973.7980000004,4559717.415999999],[362963.95550000016,4559753.9286],[362897.71999999974,4559894.121099999],[362862.09169999976,4559998.7819],[362861.5974000003,4560052.472999999],[362883.6185999997,4560118.0404],[362886.8655000003,4560162.615],[362848.73340000026,4560342.702],[362855.6618999997,4560414.3312],[362861.1054999996,4560441.3005],[362884.11620000005,4560466.290100001],[362970.71499999985,4560497.959799999],[362972.94209999964,4560552.393300001],[362955.7999999998,4560586.199999999],[363040.6917000003,4560630.5744],[363596.8598999996,4561275.730599999],[363738.4642000003,4561482.1768],[364068.1277999999,4561750.3838],[364585.10950000025,4562193.506999999],[364952.77639999986,4562179.6883000005],[365376.5,4562596.4],[365566.7000000002,4562378.300000001]]]}},{"type":"Feature","properties":{"cusec":"4310001001","mundissec":"43100901001","municipi_ine":"43100","pv_n":112,"pv_known_n":80,"pv_kw":450.0,"pv_edifici_n":112,"pv_edifici_known_n":80,"pv_edifici_kw":450.0,"buildings_n":487,"functional_n":461,"date_interval_n":157,"age_exact_n":304,"age_median_exact":43.0,"age_median_min":31.0,"age_median_max":40.0,"age_exact_fraction":0.6594360086767896,"pv_known_fraction":0.7142857142857143,"kw_per_100_buildings":97.61388286334056,"association_sample":true,"moran_sample":true,"moran_i":0.16298814807444903,"moran_p_sim":0.1573,"moran_quadrant":"HH","moran_fdr":false,"moran_z":0.5989300675025787,"moran_lag":0.2739585757433386,"neighbors":["4304301002","4304701001","4314807003","4314807005","4314807006","4310001002","4314807012","4310301001","4310001003","4310901002","4314807021","4314401001"]},"geometry":{"type":"Polygon","coordinates":[[[354474.7999999998,4560510.4],[354289.7999999998,4560368.800000001],[354313.0954,4560313.262499999],[354382.4687999999,4560235.965399999],[354374.2000000002,4560188.699999999],[354748.0999999996,4559785.1],[354875.5,4559790.699999999],[355687.2000000002,4559656.6],[355643.74069999997,4559569.6679],[355714.6409999998,4559400.891000001],[355711.6683,4559242.6203000005],[355685.9961000001,4559210.613399999],[355541.3033999996,4559114.911499999],[355472.608,4559198.9989],[355379.6774000004,4559266.626700001],[355245.92569999956,4559289.2775],[354981.39740000013,4559354.719699999],[354874.7450000001,4558457.202299999],[354877.7712000003,4558431.884400001],[354868.0318999998,4558431.256100001],[354517.55680000037,4558631.8276],[354526.0235000001,4558675.7486000005],[354422.3065999998,4558778.4070999995],[354411.7231999999,4558764.1196],[354369.91899999976,4558628.6526],[354285.7812999999,4558632.356799999],[354264.0854000002,4558655.111],[354219.1062000003,4558679.4527],[354182.0645000003,4558680.5111],[354168.3060999997,4558636.5901],[354039.71829999983,4558597.960899999],[354076.7600999996,4558500.5940000005],[354077.76889999956,4558462.6296],[354137.0851999996,4558474.664799999],[354176.50820000004,4558468.8440000005],[354176.50820000004,4558474.1357],[354243.9770999998,4558440.2689],[354189.7374,4558382.5896000005],[354186.56240000017,4558370.4188],[354192.9123999998,4558295.8061],[354224.6624999996,4558276.2269],[354193.9707000004,4558114.3016],[354138.40809999965,4558089.959899999],[354096.07469999976,4558084.139],[354024.1079000002,4558089.959899999],[354000.29530000035,4558152.401699999],[353968.01609999966,4558126.4725],[353910.3367999997,4558121.1808],[353893.93259999994,4558112.184900001],[353886.5242999997,4558090.4891],[353974.3661000002,4558003.1764],[353946.79310000036,4557915.238700001],[353718.7999999998,4557793.300000001],[353051.5,4557842.300000001],[352926.0,4557838.6],[352946.0,4557973.1],[352738.5999999996,4557979.5],[352761.7999999998,4558194.9],[352809.45720000006,4558306.3814],[352866.4539999999,4558388.971100001],[352882.0,4558427.0],[353085.0999999996,4558167.300000001],[353179.2999999998,4558283.5],[352981.0999999996,4558543.5],[353022.5,4558762.199999999],[352990.0999999996,4558757.6],[352920.02890000027,4558712.3344],[352846.1638000002,4558642.2168000005],[352753.4000000004,4558585.6],[352573.5,4558501.300000001],[352497.5,4558660.5],[352336.0,4558676.5],[352346.9000000004,4558156.0],[352079.2999999998,4558354.800000001],[351938.5,4558546.4],[351949.0741999997,4558666.1634],[351929.32550000027,4558752.4154],[351878.1162999999,4558839.4724],[351837.14919999987,4558931.6504],[351805.2999999998,4559082.0],[352539.9000000004,4559040.1],[352944.0,4558829.6],[353243.52770000044,4558964.124600001],[353322.7586000003,4558990.799900001],[353390.91220000014,4559041.180199999],[353424.4335000003,4559095.185799999],[353485.3448000001,4559163.3377],[353498.92590000015,4559293.517200001],[353526.51130000036,4559395.8651],[353629.12679999974,4559543.7173999995],[353650.30319999997,4559596.8079],[353678.1116000004,4559640.282299999],[353768.0636,4559861.6888],[353796.5285,4559960.2019],[353864.9916000003,4560118.7115],[353871.66669999994,4560154.4924],[353899.62399999984,4560173.1576000005],[353890.9785000002,4560199.7864],[353918.4028000003,4560281.6273],[353949.1635999996,4560311.727600001],[354001.0477,4560339.5834],[354058.3443,4560330.2095],[354107.1917000003,4560341.0348000005],[354111.96360000037,4560350.219799999],[354098.4769000001,4560426.9936999995],[354104.2999999998,4560502.4],[354427.5,4560525.0],[354474.7999999998,4560510.4]]]}},{"type":"Feature","properties":{"cusec":"4310001002","mundissec":"43100901002","municipi_ine":"43100","pv_n":124,"pv_known_n":95,"pv_kw":455.0,"pv_edifici_n":124,"pv_edifici_known_n":95,"pv_edifici_kw":455.0,"buildings_n":523,"functional_n":523,"date_interval_n":194,"age_exact_n":328,"age_median_exact":32.0,"age_median_min":31.0,"age_median_max":32.0,"age_exact_fraction":0.627151051625239,"pv_known_fraction":0.7661290322580645,"kw_per_100_buildings":86.9980879541109,"association_sample":true,"moran_sample":true,"moran_i":0.27973675346409277,"moran_p_sim":0.1833,"moran_quadrant":"HH","moran_fdr":false,"moran_z":0.537043243172787,"moran_lag":0.5243789674662842,"neighbors":["4304301002","4310001001","4310001003"]},"geometry":{"type":"Polygon","coordinates":[[[355074.43570000026,4559327.9121],[355379.6774000004,4559266.626700001],[355472.608,4559198.9989],[355541.3033999996,4559114.911499999],[355376.9269000003,4559002.169399999],[355178.8716000002,4558720.1165],[355153.22950000037,4558456.4388999995],[355046.2945999997,4558152.1241],[355018.6802000003,4558172.6492],[354989.0014000004,4558211.0219],[354938.1314000003,4558329.3924],[354877.7712000003,4558431.884400001],[354874.7450000001,4558457.202299999],[354981.39740000013,4559354.719699999],[355074.43570000026,4559327.9121]]]}},{"type":"Feature","properties":{"cusec":"4310001003","mundissec":"43100901003","municipi_ine":"43100","pv_n":121,"pv_known_n":86,"pv_kw":424.0,"pv_edifici_n":121,"pv_edifici_known_n":86,"pv_edifici_kw":424.0,"buildings_n":484,"functional_n":474,"date_interval_n":248,"age_exact_n":226,"age_median_exact":33.5,"age_median_min":22.0,"age_median_max":35.5,"age_exact_fraction":0.4767932489451477,"pv_known_fraction":0.7107438016528925,"kw_per_100_buildings":89.45147679324894,"association_sample":true,"moran_sample":true,"moran_i":0.2839087163954039,"moran_p_sim":0.1437,"moran_quadrant":"HH","moran_fdr":false,"moran_z":0.5519847466112197,"moran_lag":0.5177935545808235,"neighbors":["4304301002","4310001001","4310001002","4314807003"]},"geometry":{"type":"Polygon","coordinates":[[[354422.3065999998,4558778.4070999995],[354526.0235000001,4558675.7486000005],[354517.55680000037,4558631.8276],[354868.0318999998,4558431.256100001],[354877.7712000003,4558431.884400001],[354938.1314000003,4558329.3924],[354989.0014000004,4558211.0219],[355018.6802000003,4558172.6492],[355046.2945999997,4558152.1241],[354944.0,4557863.9],[354811.0939999996,4557896.354800001],[354739.2401999999,4557901.0578000005],[354394.83050000016,4557862.8763],[354291.7522,4557864.0057],[354254.6966000004,4557849.898499999],[354212.18659999967,4557893.161599999],[354099.7034999998,4557913.4772],[353978.94379999954,4557901.4398],[353946.79310000036,4557915.238700001],[353974.3661000002,4558003.1764],[353886.5242999997,4558090.4891],[353893.93259999994,4558112.184900001],[353910.3367999997,4558121.1808],[353968.01609999966,4558126.4725],[354000.29530000035,4558152.401699999],[354024.1079000002,4558089.959899999],[354096.07469999976,4558084.139],[354180.74149999954,4558105.3057],[354193.9707000004,4558114.3016],[354198.73319999967,4558131.7641],[354224.6624999996,4558276.2269],[354192.9123999998,4558295.8061],[354186.56240000017,4558370.4188],[354189.7374,4558382.5896000005],[354243.9770999998,4558440.2689],[354176.50820000004,4558474.1357],[354176.50820000004,4558468.8440000005],[354137.0851999996,4558474.664799999],[354077.76889999956,4558462.6296],[354076.7600999996,4558500.5940000005],[354039.71829999983,4558597.960899999],[354168.3060999997,4558636.5901],[354182.0645000003,4558680.5111],[354219.1062000003,4558679.4527],[354264.0854000002,4558655.111],[354285.7812999999,4558632.356799999],[354369.91899999976,4558628.6526],[354411.7231999999,4558764.1196],[354422.3065999998,4558778.4070999995]]]}},{"type":"Feature","properties":{"cusec":"4310301001","mundissec":"43103701001","municipi_ine":"43103","pv_n":57,"pv_known_n":46,"pv_kw":580.0,"pv_edifici_n":57,"pv_edifici_known_n":46,"pv_edifici_kw":580.0,"buildings_n":446,"functional_n":407,"date_interval_n":51,"age_exact_n":356,"age_median_exact":51.0,"age_median_min":46.0,"age_median_max":51.0,"age_exact_fraction":0.8746928746928747,"pv_known_fraction":0.8070175438596491,"kw_per_100_buildings":142.5061425061425,"association_sample":true,"moran_sample":true,"moran_i":0.4673499105454134,"moran_p_sim":0.035,"moran_quadrant":"HH","moran_fdr":false,"moran_z":0.8027793902662942,"moran_lag":0.5860719555470744,"neighbors":["4304701001","4304702001","4309501001","4309501002","4310001001","4310901002","4316601001","4314401001"]},"geometry":{"type":"MultiPolygon","coordinates":[[[[351030.79310000036,4560052.5296],[351073.7843000004,4559941.507099999],[350732.5069000004,4560004.5832],[350538.33100000024,4560056.5614],[350694.9352000002,4560335.138499999],[351010.0911999997,4560203.165999999],[351030.79310000036,4560052.5296]]],[[[347659.9000000004,4561550.9],[347589.5,4561529.9],[346728.9000000004,4561848.199999999],[346763.34810000006,4561932.896400001],[346796.80759999994,4562062.279999999],[346815.9000000004,4562088.6],[347168.9857999999,4561954.8473000005],[347293.29640000034,4561927.8993999995],[347329.5471999999,4561891.9690000005],[347343.34140000027,4561849.9439],[347369.81379999965,4561823.7291],[347400.93709999975,4561731.1501],[347424.86259999964,4561718.710999999],[347608.64350000024,4561668.9001],[347634.4742999999,4561643.4923],[347645.0603,4561574.044600001],[347659.9000000004,4561550.9]]],[[[354211.5999999996,4561720.4],[354322.0999999996,4560872.0],[354474.7999999998,4560510.4],[354427.5,4560525.0],[354104.2999999998,4560502.4],[354098.4769000001,4560426.9936999995],[354111.96360000037,4560350.219799999],[354107.1917000003,4560341.0348000005],[354058.3443,4560330.2095],[354021.1146999998,4560340.9034],[353996.2949999999,4560337.9991999995],[353937.9419,4560302.882300001],[353912.0745000001,4560271.026799999],[353890.9785000002,4560199.7864],[353899.62399999984,4560173.1576000005],[353871.66669999994,4560154.4924],[353864.9916000003,4560118.7115],[353796.5285,4559960.2019],[353768.0636,4559861.6888],[353678.1116000004,4559640.282299999],[353650.30319999997,4559596.8079],[353629.12679999974,4559543.7173999995],[353526.51130000036,4559395.8651],[353498.92590000015,4559293.517200001],[353491.98110000044,4559185.4581],[353473.45490000024,4559143.014699999],[353428.2460000003,4559100.0186],[353390.91220000014,4559041.180199999],[353337.41339999996,4558999.233200001],[352944.0,4558829.6],[352539.9000000004,4559040.1],[351805.2999999998,4559082.0],[351804.2851,4559165.868899999],[351822.83910000045,4559346.1655],[351874.66199999955,4559662.728499999],[351874.38630000036,4559836.9003],[351893.36950000003,4559993.223999999],[351886.67140000034,4560172.9957],[351868.89329999965,4560297.6196],[351847.2918999996,4560384.0285],[351701.2218000004,4560792.706599999],[351577.7955,4561179.710100001],[351547.8164999997,4561182.898399999],[351537.2675000001,4561191.528000001],[351433.5197999999,4561197.742799999],[351377.8167000003,4561184.441199999],[351284.4230000004,4561176.127900001],[351092.09339999966,4561199.130899999],[350973.76719999965,4561200.944399999],[350958.3359000003,4561098.6197],[350741.31520000007,4561101.617000001],[350735.9144000001,4561083.361500001],[350668.9115000004,4561317.4352],[350656.3841000004,4561431.419],[350645.3788999999,4561429.7192],[350574.8476,4561470.2053],[350425.09979999997,4561525.210000001],[350703.17179999966,4561604.388900001],[350923.48599999957,4561649.7148],[351797.5066999998,4561759.722999999],[351900.6224999996,4562038.1646],[351877.4883000003,4562148.026000001],[351784.8876,4562409.2981],[351776.38740000036,4562516.4847],[351918.0999999996,4562899.199999999],[352936.7999999998,4562881.4],[354021.2000000002,4562380.199999999],[354211.5999999996,4561720.4]]],[[[349515.82770000026,4565412.3113],[349551.5999999996,4565406.9],[348819.7000000002,4564490.6],[348522.7999999998,4564844.0],[348569.0273000002,4564897.0645],[348647.6196999997,4565053.4943],[348740.7829,4565139.6995],[348807.0179000003,4565176.1303],[348920.88800000027,4565288.9893],[348953.91500000004,4565327.2195],[348992.72950000037,4565400.4575],[349070.8202999998,4565505.346899999],[349118.1827999996,4565544.160499999],[349251.4908999996,4565625.715],[349298.5,4565665.800000001],[349386.81989999954,4565653.449200001],[349463.0285,4565581.049900001],[349475.4960000003,4565560.6241],[349505.4073000001,4565431.971999999],[349515.82770000026,4565412.3113]]]]}},{"type":"Feature","properties":{"cusec":"4310901001","mundissec":"43109301001","municipi_ine":"43109","pv_n":28,"pv_known_n":21,"pv_kw":95.0,"pv_edifici_n":28,"pv_edifici_known_n":21,"pv_edifici_kw":95.0,"buildings_n":316,"functional_n":299,"date_interval_n":49,"age_exact_n":246,"age_median_exact":46.0,"age_median_min":33.0,"age_median_max":46.0,"age_exact_fraction":0.822742474916388,"pv_known_fraction":0.75,"kw_per_100_buildings":31.77257525083612,"association_sample":true,"moran_sample":true,"moran_i":0.00020795440558494851,"moran_p_sim":0.1526,"moran_quadrant":"HH","moran_fdr":false,"moran_z":0.0003560514262030833,"moran_lag":0.5879770654734493,"neighbors":["4309501002","4309501001","4310901002"]},"geometry":{"type":"Polygon","coordinates":[[[349819.2627999997,4561259.4661],[349843.61000000034,4561268.179],[349894.63460000046,4561233.5273],[350022.6486999998,4561184.909499999],[350206.2399000004,4561138.4745000005],[350238.09530000016,4561122.818299999],[350250.3164999997,4561076.693399999],[350182.90309999976,4560806.448799999],[349913.9517999999,4560829.242699999],[349918.22809999995,4560875.489700001],[349903.3403000003,4560876.915100001],[349917.27919999976,4560910.0901999995],[349890.39749999996,4560913.0535],[349892.5142000001,4560936.971899999],[349870.5007999996,4560939.3002],[349868.8075000001,4560918.9802],[349722.0780999996,4560937.4989],[349728.4721999997,4560965.3353],[349697.14549999963,4560969.992000001],[349691.1984000001,4560943.329399999],[349563.6969999997,4560961.1414],[349558.71520000044,4560939.3002],[349592.15859999973,4560931.680199999],[349582.4219000004,4560887.2301],[349549.26630000025,4560895.3489],[349541.324,4560859.257200001],[349356.5730999997,4560877.2818],[349282.4896,4560895.485099999],[349363.7697999999,4560957.2919],[349360.5948000001,4560986.9253],[349397.2132000001,4561055.2938],[349333.9247000003,4561068.840500001],[349226.3722000001,4561359.162699999],[349819.2627999997,4561259.4661]]]}},{"type":"Feature","properties":{"cusec":"4310901002","mundissec":"43109301002","municipi_ine":"43109","pv_n":31,"pv_known_n":25,"pv_kw":395.0,"pv_edifici_n":31,"pv_edifici_known_n":25,"pv_edifici_kw":395.0,"buildings_n":239,"functional_n":226,"date_interval_n":61,"age_exact_n":164,"age_median_exact":20.0,"age_median_min":20.0,"age_median_max":27.0,"age_exact_fraction":0.7256637168141593,"pv_known_fraction":0.8064516129032258,"kw_per_100_buildings":174.7787610619469,"association_sample":true,"moran_sample":true,"moran_i":0.49573920314683523,"moran_p_sim":0.0447,"moran_quadrant":"HH","moran_fdr":false,"moran_z":0.9129986457825736,"moran_lag":0.5466232772612867,"neighbors":["4304701001","4304702001","4309501001","4309501002","4310001001","4310301001","4310901001","4316601001"]},"geometry":{"type":"Polygon","coordinates":[[[347191.9000000004,4562060.300000001],[347267.38210000005,4562003.819399999],[347328.1604000004,4561979.9197],[347372.11450000014,4561937.9705],[347423.6451000003,4561910.2828],[347470.98840000015,4561892.596999999],[347570.2494000001,4561880.218699999],[347618.5800000001,4561859.188200001],[347669.9656999996,4561882.4366999995],[347756.6266999999,4561879.6063],[348499.5,4561794.0],[348530.2114000004,4561797.9078],[349040.23780000024,4561750.062899999],[349226.3722000001,4561359.162699999],[349333.9247000003,4561068.840500001],[349397.2132000001,4561055.2938],[349360.5948000001,4560986.9253],[349363.7697999999,4560957.2919],[349282.4896,4560895.485099999],[349356.5730999997,4560877.2818],[349541.324,4560859.257200001],[349549.26630000025,4560895.3489],[349582.4219000004,4560887.2301],[349592.15859999973,4560931.680199999],[349558.71520000044,4560939.3002],[349563.6969999997,4560961.1414],[349691.1984000001,4560943.329399999],[349697.14549999963,4560969.992000001],[349728.4721999997,4560965.3353],[349722.0780999996,4560937.4989],[349868.8075000001,4560918.9802],[349870.5007999996,4560939.3002],[349892.5142000001,4560936.971899999],[349890.39749999996,4560913.0535],[349917.27919999976,4560910.0901999995],[349903.3403000003,4560876.915100001],[349918.22809999995,4560875.489700001],[349913.9517999999,4560829.242699999],[350182.90309999976,4560806.448799999],[350250.3164999997,4561076.693399999],[350238.09530000016,4561122.818299999],[350206.2399000004,4561138.4745000005],[350022.6486999998,4561184.909499999],[349894.63460000046,4561233.5273],[349837.75459999964,4561269.7863],[350126.824,4561411.7795],[350425.09979999997,4561525.210000001],[350574.8476,4561470.2053],[350645.3788999999,4561429.7192],[350656.3841000004,4561431.419],[350668.9115000004,4561317.4352],[350735.9144000001,4561083.361500001],[350741.31520000007,4561101.617000001],[350958.3359000003,4561098.6197],[350973.76719999965,4561200.944399999],[351092.09339999966,4561199.130899999],[351284.4230000004,4561176.127900001],[351377.8167000003,4561184.441199999],[351433.5197999999,4561197.742799999],[351537.2675000001,4561191.528000001],[351547.8164999997,4561182.898399999],[351577.7955,4561179.710100001],[351701.2218000004,4560792.706599999],[351847.2918999996,4560384.0285],[351868.89329999965,4560297.6196],[351886.67140000034,4560172.9957],[351893.36950000003,4559993.223999999],[351874.38630000036,4559836.9003],[351874.66199999955,4559662.728499999],[351822.83910000045,4559346.1655],[351804.2851,4559165.868899999],[351805.2999999998,4559082.0],[350151.9000000004,4559375.4],[350146.72140000015,4559454.3444],[350160.64690000005,4559502.618100001],[350158.4812000003,4559560.4849],[350150.4358999999,4559598.237500001],[350115.15950000007,4559681.1698],[350095.35500000045,4559702.212400001],[350048.01020000037,4559797.213099999],[349973.4338999996,4559872.409499999],[349902.88019999955,4559926.8728],[349841.6096999999,4559934.6095],[349780.3315000003,4559953.6392],[349763.2536000004,4559968.192600001],[349758.6579,4559996.3168],[349734.07940000016,4560009.276699999],[349710.84130000044,4560003.020500001],[349688.1617999999,4559985.3686999995],[349650.9581000004,4559918.336200001],[349616.99480000045,4559910.739499999],[349579.00960000046,4559913.6445],[349457.4572999999,4559964.366900001],[349417.2377000004,4559970.1767],[349390.08970000036,4560004.6987],[349281.3854,4560068.7158],[349251.6676000003,4560066.4816],[349185.75179999974,4560034.083000001],[349074.92459999956,4560059.7797],[349034.2583999997,4560101.116800001],[348986.8886000002,4560104.468800001],[348972.0784999998,4560172.7761],[349003.61010000017,4560236.4309],[348966.09329999983,4560309.2137],[348896.51180000044,4560366.4682],[348840.5619000001,4560385.9089],[348801.3849999998,4560390.0581],[348773.82519999985,4560430.954],[348732.8108999999,4560432.6138],[348707.2000000002,4560464.5],[348727.13320000004,4560517.9177],[348752.6397000002,4560555.250600001],[348711.1747000003,4560603.1284],[348722.5744000003,4560636.4716],[348708.89580000006,4560732.0843],[348677.69010000024,4560760.0131],[348650.19269999955,4560825.776900001],[348647.87459999975,4560857.8298],[348639.2062999997,4560861.256899999],[348617.1319000004,4560835.655099999],[348578.3256000001,4560818.7217],[348534.9840000002,4560866.7006],[348429.75430000015,4560931.4120000005],[348383.03089999966,4560988.5219],[348333.9992000004,4560990.781099999],[348321.7023,4560998.24],[348294.48790000007,4561045.009199999],[348284.00549999997,4561081.0940000005],[348282.9978,4561122.016899999],[348271.2100999998,4561133.6318],[348118.2547000004,4561214.391899999],[348099.81259999983,4561211.1646],[348078.76389999967,4561183.574200001],[348067.67080000043,4561181.5832],[348002.83440000005,4561269.107999999],[347932.85479999986,4561319.081499999],[347886.27080000006,4561322.9935],[347868.1350999996,4561332.594900001],[347818.7067,4561387.358200001],[347799.1489000004,4561448.1665],[347794.17080000043,4561493.505999999],[347780.3025000002,4561516.7981],[347745.3962000003,4561544.8036],[347674.1551000001,4561546.491800001],[347655.2232999997,4561554.3539],[347641.2494000001,4561588.8661],[347637.0153999999,4561637.1403],[347621.1354,4561659.795499999],[347594.45799999963,4561674.616699999],[347408.7709999997,4561725.0627],[347393.1031999998,4561745.6008],[347369.81379999965,4561823.7291],[347343.34140000027,4561849.9439],[347329.5471999999,4561891.9690000005],[347300.9960000003,4561922.1248],[347133.96160000004,4561968.471000001],[347191.9000000004,4562060.300000001]],[[350694.9352000002,4560335.138499999],[350538.33100000024,4560056.5614],[350732.5069000004,4560004.5832],[351073.7843000004,4559941.507099999],[351030.79310000036,4560052.5296],[351010.0911999997,4560203.165999999],[350694.9352000002,4560335.138499999]]]}},{"type":"Feature","properties":{"cusec":"4311101001","mundissec":"43111401001","municipi_ine":"43111","pv_n":28,"pv_known_n":18,"pv_kw":119.0,"pv_edifici_n":28,"pv_edifici_known_n":18,"pv_edifici_kw":119.0,"buildings_n":580,"functional_n":542,"date_interval_n":119,"age_exact_n":423,"age_median_exact":51.0,"age_median_min":46.0,"age_median_max":47.0,"age_exact_fraction":0.7804428044280443,"pv_known_fraction":0.6428571428571429,"kw_per_100_buildings":21.95571955719557,"association_sample":true,"moran_sample":true,"moran_i":-0.022141712333206016,"moran_p_sim":0.3937,"moran_quadrant":"LH","moran_fdr":false,"moran_z":-0.19309292910773526,"moran_lag":0.11543827385292421,"neighbors":["4301201001","4305001002","4309701001","4315301004","4311101002","4315301008","4316401001"]},"geometry":{"type":"Polygon","coordinates":[[[366692.2307000002,4563575.8376],[367318.5387000004,4563457.0857],[367318.66789999977,4563410.758199999],[367300.6640999997,4563361.2498],[367250.45600000024,4563315.592599999],[367205.56989999954,4563293.976399999],[367165.0772000002,4563289.5781],[367103.5804000003,4563244.081499999],[367069.7319,4563197.7272],[367028.9798999997,4563079.2259],[366965.97670000046,4563002.769200001],[366926.4478000002,4562879.9208],[366905.92980000004,4562694.2598],[366867.4308000002,4562560.961200001],[366847.57299999986,4562527.3949],[366844.0906999996,4562408.2937],[366870.4612999996,4562371.4855],[366886.9848999996,4562310.4957],[366869.61730000004,4562172.4701000005],[366846.6774000004,4562123.610200001],[366775.3958999999,4562072.8072],[366749.08660000004,4562044.554400001],[366770.60030000005,4561992.583699999],[366837.4743999997,4561926.486500001],[366913.3180999998,4561871.509299999],[366985.63239999954,4561837.297800001],[367006.2026000004,4561791.285599999],[367087.03450000007,4561676.6647],[367219.13740000036,4561586.0865],[367171.24149999954,4561421.786800001],[367247.13999999966,4561270.492799999],[367198.6944000004,4561188.8981],[367182.9874,4561137.973200001],[367208.5990000004,4560941.611099999],[367245.81989999954,4560784.5066],[367265.2889999999,4560653.9648],[367271.4523,4560633.372199999],[367321.8822999997,4560564.1702],[367330.29870000016,4560487.5845],[367355.15830000024,4560425.888699999],[367386.5823999997,4560286.032199999],[367451.4463999998,4560157.9421],[367466.99039999954,4560084.7469],[367528.18939999957,4560005.1866999995],[367555.5739000002,4559927.818499999],[367573.8026999999,4559833.5546],[367642.4008999998,4559720.7684],[367656.47860000003,4559679.0087],[367617.6200000001,4559471.6252999995],[367621.16779999994,4559361.301100001],[367639.2483000001,4559315.707800001],[367638.13850000035,4559268.170700001],[367630.92650000006,4559253.4539],[367592.63350000046,4559230.3396000005],[367567.5159,4559199.2127],[367541.2084999997,4559026.6141],[367566.8196999999,4558981.3618],[367639.7154000001,4558932.2082],[367657.1687000003,4558896.437000001],[367821.7000000002,4558225.699999999],[367847.0767999999,4557937.348200001],[367495.1794999996,4557721.931399999],[367267.61400000006,4557775.957699999],[366896.38439999986,4557962.121300001],[366453.0427000001,4557697.7787999995],[366259.28890000004,4557624.296700001],[366112.90419999976,4557760.634],[365989.6980999997,4557955.1742],[365914.4746000003,4558052.430500001],[365850.93539999984,4558110.855],[365718.47140000015,4558191.0887],[365471.5630000001,4558506.647600001],[365398.2368000001,4558573.737299999],[365373.97300000023,4558612.3358],[365361.2795000002,4558670.807700001],[365366.01970000006,4558755.6888999995],[365328.5345999999,4558830.229599999],[365290.38100000005,4558844.2718],[365186.69959999993,4558856.4328000005],[365156.2993000001,4558871.473200001],[364954.5917999996,4559044.654200001],[364885.79009999987,4559064.224300001],[364868.18479999993,4559092.1861000005],[364812.4018000001,4559144.794],[364615.7542000003,4559260.7349],[364569.15139999986,4559261.2530000005],[364424.9210999999,4559238.7848000005],[364370.2000000002,4559190.0],[364337.3431000002,4559240.700300001],[364256.54110000003,4559408.7664],[364252.50930000003,4559434.398499999],[364274.2999999998,4559535.699999999],[364501.0,4559802.300000001],[364859.2999999998,4560155.5],[364868.5,4560750.1],[364728.2999999998,4561298.4],[364789.6188000003,4561345.3804],[364847.6584999999,4561433.043099999],[364877.28280000016,4561462.0624],[364935.32210000046,4561497.731799999],[364951.64580000006,4561522.519200001],[364957.99399999995,4561545.492900001],[364937.5604999997,4561625.919],[364942.57830000017,4561667.616800001],[364954.06539999973,4561692.404200001],[365016.94099999964,4561691.7992],[365056.23890000023,4561778.8574],[365122.7423999999,4561827.2228],[365186.2232999997,4561920.9311999995],[365241.84449999966,4561980.1789],[365316.33189999964,4562023.291200001],[365346.43620000035,4562055.145199999],[365385.12930000015,4562109.556500001],[365404.4759999998,4562157.9222],[365495.16280000005,4562257.071599999],[365552.5979000004,4562344.1296999995],[365566.7000000002,4562378.300000001],[365376.5,4562596.4],[365451.5999999996,4562819.4],[365646.6330000004,4562902.964500001],[365800.26690000016,4562862.7324],[365887.9726,4562943.209799999],[366137.00289999973,4563309.3915],[366559.03450000007,4563584.615800001],[366692.2307000002,4563575.8376]],[[366198.3178000003,4561985.987500001],[366159.3025000002,4561968.918299999],[366073.71270000003,4561976.7214],[365977.6375000002,4561969.8937],[365757.4447999997,4561896.2523],[365733.5480000004,4561818.7094],[365812.06630000006,4561728.7304],[365969.1029000003,4561592.6645],[365999.82739999983,4561541.213099999],[366013.9704999998,4561496.8332],[366020.3104999997,4561426.117900001],[366066.3973000003,4561374.1788],[366072.73730000015,4561336.138900001],[366055.23029999994,4561163.550000001],[365951.3021,4561219.8245],[365877.17310000025,4561271.0320999995],[365861.5669,4561276.3967],[365804.9946999997,4561268.593599999],[365753.29949999973,4561226.6522],[365699.6534000002,4561214.9476],[365685.0226999996,4561201.292199999],[365672.8304000003,4561087.416300001],[365640.64279999956,4561023.5287],[365518.9638,4560955.252],[365518.9638,4560944.0351],[365582.85140000004,4560857.469799999],[365704.77419999987,4560787.2423],[365776.95249999966,4560762.369999999],[365829.8669999996,4560692.874],[366000.07129999995,4560537.056700001],[365871.32079999987,4560440.493799999],[365985.44049999956,4560315.6448],[366012.7511999998,4560298.331800001],[366040.54959999956,4560243.7103],[366165.88630000036,4560264.4372000005],[366243.9168999996,4560310.767899999],[366538.2385999998,4560437.567600001],[366540.6771,4560453.6614],[366410.9512,4560639.7157000005],[366523.1201999998,4560663.612500001],[366666.7452999996,4560709.455499999],[366617.9762000004,4560738.2293],[366818.90500000026,4560913.3105],[366938.14549999963,4560882.3421],[366884.0418999996,4560964.381100001],[367063.2383000003,4561117.1655],[366971.3085000003,4561167.6415],[366925.46549999993,4561215.923],[366728.92590000015,4561364.425000001],[366706.97979999986,4561498.540100001],[366706.2483000001,4561611.196799999],[366641.3853000002,4561871.6239],[366610.6607999997,4561886.7424],[366472.1564999996,4561854.5547],[366262.20529999956,4561752.6272],[366253.4269000003,4561792.1302000005],[366255.37770000007,4561905.274599999],[366198.3178000003,4561985.987500001]]]}},{"type":"Feature","properties":{"cusec":"4311101002","mundissec":"43111401002","municipi_ine":"43111","pv_n":141,"pv_known_n":99,"pv_kw":446.0,"pv_edifici_n":141,"pv_edifici_known_n":99,"pv_edifici_kw":446.0,"buildings_n":1138,"functional_n":1136,"date_interval_n":459,"age_exact_n":676,"age_median_exact":34.0,"age_median_min":27.0,"age_median_max":35.0,"age_exact_fraction":0.5950704225352113,"pv_known_fraction":0.7021276595744681,"kw_per_100_buildings":39.26056338028169,"association_sample":true,"moran_sample":true,"moran_i":-0.021514542769706886,"moran_p_sim":0.3209,"moran_quadrant":"HL","moran_fdr":false,"moran_z":0.11216845574970309,"moran_lag":-0.19309292910773526,"neighbors":["4311101001"]},"geometry":{"type":"Polygon","coordinates":[[[366198.3178000003,4561985.987500001],[366255.37770000007,4561905.274599999],[366253.4269000003,4561792.1302000005],[366262.20529999956,4561752.6272],[366472.1564999996,4561854.5547],[366610.6607999997,4561886.7424],[366641.3853000002,4561871.6239],[366706.2483000001,4561611.196799999],[366706.97979999986,4561498.540100001],[366728.92590000015,4561364.425000001],[366925.46549999993,4561215.923],[366971.3085000003,4561167.6415],[367063.2383000003,4561117.1655],[366884.0418999996,4560964.381100001],[366938.14549999963,4560882.3421],[366818.90500000026,4560913.3105],[366617.9762000004,4560738.2293],[366666.7452999996,4560709.455499999],[366523.1201999998,4560663.612500001],[366410.9512,4560639.7157000005],[366540.6771,4560453.6614],[366538.2385999998,4560437.567600001],[366243.9168999996,4560310.767899999],[366165.88630000036,4560264.4372000005],[366040.54959999956,4560243.7103],[366012.7511999998,4560298.331800001],[365985.44049999956,4560315.6448],[365871.32079999987,4560440.493799999],[366000.07129999995,4560537.056700001],[365829.8669999996,4560692.874],[365776.95249999966,4560762.369999999],[365704.77419999987,4560787.2423],[365582.85140000004,4560857.469799999],[365518.9638,4560944.0351],[365518.9638,4560955.252],[365640.64279999956,4561023.5287],[365672.8304000003,4561087.416300001],[365685.0226999996,4561201.292199999],[365699.6534000002,4561214.9476],[365753.29949999973,4561226.6522],[365804.9946999997,4561268.593599999],[365861.5669,4561276.3967],[365877.17310000025,4561271.0320999995],[365951.3021,4561219.8245],[366055.23029999994,4561163.550000001],[366072.73730000015,4561336.138900001],[366066.3973000003,4561374.1788],[366020.3104999997,4561426.117900001],[366013.9704999998,4561496.8332],[365999.82739999983,4561541.213099999],[365969.1029000003,4561592.6645],[365812.06630000006,4561728.7304],[365733.5480000004,4561818.7094],[365757.4447999997,4561896.2523],[365977.6375000002,4561969.8937],[366073.71270000003,4561976.7214],[366159.3025000002,4561968.918299999],[366198.3178000003,4561985.987500001]]]}},{"type":"Feature","properties":{"cusec":"4312201001","mundissec":"43122701001","municipi_ine":"43122","pv_n":10,"pv_known_n":7,"pv_kw":43.0,"pv_edifici_n":10,"pv_edifici_known_n":7,"pv_edifici_kw":43.0,"buildings_n":108,"functional_n":97,"date_interval_n":22,"age_exact_n":75,"age_median_exact":46.0,"age_median_min":37.0,"age_median_max":45.0,"age_exact_fraction":0.7731958762886598,"pv_known_fraction":0.7,"kw_per_100_buildings":44.329896907216494,"association_sample":true,"moran_sample":true,"moran_i":0.034898948306713064,"moran_p_sim":0.4045,"moran_quadrant":"HH","moran_fdr":false,"moran_z":0.17660765631695383,"moran_lag":0.19893344472696925,"neighbors":["4316401001","4314401001","4304301001"]},"geometry":{"type":"Polygon","coordinates":[[[357115.2999999998,4566727.4],[357296.6010999996,4566582.674799999],[357397.8886000002,4566457.099199999],[357449.5999999996,4566379.5],[357623.9000000004,4566306.6],[357838.5999999996,4566418.0],[357894.95720000006,4566360.521],[357975.2218000004,4566209.4691],[358053.5909000002,4566124.7786],[358073.81489999965,4566066.0011],[358186.6934000002,4565968.631999999],[358241.4829000002,4565904.172800001],[358261.7999999998,4565861.199999999],[358524.9000000004,4565844.199999999],[358519.7259999998,4565812.593800001],[358539.8063000003,4565764.8609],[358645.0999999996,4565750.1],[358829.9000000004,4565559.199999999],[358908.5,4565388.6],[359004.7000000002,4564951.1],[359357.7999999998,4564789.300000001],[359610.0,4564460.300000001],[359812.2000000002,4564352.0],[360007.5999999996,4564470.800000001],[360403.2999999998,4564599.9],[360517.7000000002,4564589.0],[360588.4000000004,4564494.0],[360569.2257000003,4564407.840500001],[360575.09190000035,4564352.884099999],[360603.2100999998,4564302.4603],[360605.7377000004,4564262.893999999],[360638.1596999997,4564208.4899],[360647.61110000033,4564133.863299999],[360670.69120000023,4564095.3958],[360669.9210000001,4563983.730699999],[360677.5044,4563966.475299999],[360767.62739999965,4563909.8728],[360782.0248999996,4563875.032299999],[360826.5,4563848.0],[360787.87600000016,4563794.185900001],[360749.5708999997,4563703.648399999],[360742.6057000002,4563614.271400001],[360749.56900000013,4563451.7677],[360757.6939000003,4563421.588400001],[360801.8015999999,4563355.425799999],[360860.99909999967,4563319.442399999],[360883.05319999997,4563322.9244],[360959.6624999996,4563378.6394],[360978.23429999966,4563380.9608],[360995.88150000013,4563372.840399999],[361023.50299999956,4563349.6204],[361029.3063000003,4563298.547800001],[361023.5022999998,4563255.600400001],[360988.6794999996,4563185.9562],[360937.60639999993,4563112.83],[360845.2580000004,4563033.944599999],[360794.8344999999,4563017.6503],[360754.20859999955,4563015.3292],[360683.4035,4563026.937100001],[360613.7588999998,4563010.6873],[360541.79279999994,4562975.865599999],[360512.7740000002,4562941.0436],[360488.39800000004,4562885.328199999],[360445.4494000003,4562723.9856],[360417.5911999997,4562676.395400001],[360392.05480000004,4562661.306],[360359.55399999954,4562655.5024999995],[360248.12289999984,4562650.860400001],[360195.88939999975,4562635.771199999],[360164.5493000001,4562611.3959],[360079.81400000025,4562454.6965],[359938.20189999975,4562222.5495],[359891.77190000005,4562176.120200001],[359822.12710000016,4562130.8518],[359753.2999999998,4562093.0],[359667.45210000034,4562117.5474],[359619.34889999963,4562185.720899999],[359552.2132000001,4562228.147500001],[359501.16779999994,4562283.8342],[359366.72919999994,4562509.3949],[359303.9367000004,4562573.8018],[359263.21160000004,4562600.2064],[359246.99760000035,4562607.418500001],[359218.0109000001,4562591.7037],[359195.18659999967,4562565.2995],[359166.7137000002,4562498.232899999],[359153.1520999996,4562491.1697],[359128.8543999996,4562494.2776999995],[359099.05420000013,4562507.3451000005],[358948.4480999997,4562655.0008000005],[358881.95150000043,4562749.172800001],[358846.81159999967,4562782.023600001],[358801.21910000034,4562787.797700001],[358778.72140000015,4562767.689300001],[358770.1601,4562740.0153],[358741.3694000002,4562744.067500001],[358710.23309999984,4562778.8390999995],[358667.4285000004,4562851.5087],[358659.5968000004,4562902.287900001],[358675.8415000001,4562970.442500001],[358653.5943,4562997.2808],[358630.6405999996,4562997.2809999995],[358604.76209999993,4562984.9595],[358579.7000000002,4562952.5],[358460.0,4562893.0],[358296.0190000003,4563507.4333999995],[358256.65020000003,4563703.869000001],[358245.9556,4563823.979],[358227.42090000026,4563889.8166000005],[358145.82490000036,4563948.8751],[358115.2133999998,4563977.8704],[358092.0899,4564014.0832],[358060.80200000014,4564071.796],[358051.51740000024,4564164.088400001],[358012.59700000007,4564232.752599999],[357908.8624,4564295.4377],[357820.3830000004,4564367.4427000005],[357777.0588999996,4564434.5657],[357717.7045999998,4564465.2752],[357623.47300000023,4564490.4454],[357563.31350000016,4564432.2983],[357504.61280000024,4564471.432700001],[357505.2285000002,4564511.959799999],[357333.4028000003,4564589.1852],[357330.4000000004,4564597.9],[357318.27890000027,4564584.746200001],[357239.8104999997,4564552.4717999995],[357132.9682,4564550.5724],[357010.0,4564615.9],[356973.4212999996,4564909.658600001],[356905.47009999957,4565131.217700001],[356870.0588999996,4565502.9395],[356808.80709999986,4565645.637],[356795.40830000024,4565732.0594],[356813.4009999996,4565809.1984],[356887.7644999996,4565955.9155],[356942.7298999997,4566350.298699999],[356990.2374999998,4566448.8489],[356995.2999999998,4566447.1],[357115.2999999998,4566727.4]]]}},{"type":"Feature","properties":{"cusec":"4312601001","mundissec":"43126401001","municipi_ine":"43126","pv_n":77,"pv_known_n":58,"pv_kw":658.0,"pv_edifici_n":77,"pv_edifici_known_n":58,"pv_edifici_kw":658.0,"buildings_n":744,"functional_n":697,"date_interval_n":108,"age_exact_n":589,"age_median_exact":56.0,"age_median_min":48.0,"age_median_max":51.0,"age_exact_fraction":0.8450502152080345,"pv_known_fraction":0.7532467532467533,"kw_per_100_buildings":94.40459110473458,"association_sample":true,"moran_sample":true,"moran_i":0.2097071636829076,"moran_p_sim":0.1877,"moran_quadrant":"HH","moran_fdr":false,"moran_z":0.5809528790190025,"moran_lag":0.36339366226765274,"neighbors":["4301201001","4301201003","4304301001","4309701001","4314807016","4316401001"]},"geometry":{"type":"Polygon","coordinates":[[[362016.7000000002,4559702.800000001],[362944.0,4559618.0],[363029.9000000004,4559440.4],[363114.1163999997,4559441.174900001],[363196.9000000004,4559463.800000001],[363718.7999999998,4559292.9],[363995.5999999996,4558982.800000001],[363945.80709999986,4558955.103599999],[363919.5223000003,4558834.9144],[363889.49450000003,4558771.5441],[363844.8838999998,4558711.5767],[363843.7123999996,4558614.739499999],[363798.0,4558374.0],[363916.10539999977,4558296.321900001],[363957.08579999954,4558289.055500001],[363945.29119999986,4558172.178200001],[363964.7728000004,4558112.3303],[363960.28729999997,4558059.490499999],[363770.37179999985,4558002.9068],[363736.1014999999,4557895.3332],[363727.19849999994,4557885.7653],[363720.7139999997,4557846.823100001],[363701.30700000003,4557809.975299999],[363541.84750000015,4557672.480699999],[363500.2000000002,4557546.0],[363223.2000000002,4556833.199999999],[362801.4000000004,4556658.300000001],[362779.7121000001,4556618.5052000005],[362762.28259999957,4556486.8467999995],[362676.1891999999,4556354.349099999],[362615.7999999998,4556303.699999999],[362135.7999999998,4556983.0],[361579.7999999998,4557150.1],[361556.2999999998,4557047.1],[361263.2000000002,4557084.0],[360178.7000000002,4557445.199999999],[359839.7000000002,4558233.5],[360832.0999999996,4559293.4],[361076.78359999973,4559379.9593],[361188.2644999996,4559340.613500001],[361608.15830000024,4559484.6349],[361928.41530000046,4559743.710999999],[362016.7000000002,4559702.800000001]]]}},{"type":"Feature","properties":{"cusec":"4313101001","mundissec":"43131001001","municipi_ine":"43131","pv_n":178,"pv_known_n":131,"pv_kw":688.0,"pv_edifici_n":178,"pv_edifici_known_n":131,"pv_edifici_kw":688.0,"buildings_n":1344,"functional_n":1333,"date_interval_n":361,"age_exact_n":972,"age_median_exact":34.0,"age_median_min":28.0,"age_median_max":32.0,"age_exact_fraction":0.7291822955738935,"pv_known_fraction":0.7359550561797753,"kw_per_100_buildings":51.61290322580645,"association_sample":true,"moran_sample":true,"moran_i":0.08323846508560899,"moran_p_sim":0.3163,"moran_quadrant":"HH","moran_fdr":false,"moran_z":0.25756506454434214,"moran_lag":0.32534347253396423,"neighbors":["4313101002","4305001002","4313101003"]},"geometry":{"type":"Polygon","coordinates":[[[372489.3141000001,4562729.5373],[372389.4408999998,4562261.199899999],[372425.68840000033,4561710.608200001],[372604.8655000003,4561295.7092],[372785.0011999998,4560569.4257],[373064.70880000014,4560101.977399999],[372290.9266999997,4560131.482000001],[372180.50710000005,4560142.0865],[372084.95409999974,4560160.9924],[371923.61259999964,4560215.787900001],[371178.8775000004,4560542.6493],[371034.8909999998,4560583.9243],[370892.01570000034,4560598.3706],[370241.45689999964,4560595.3544],[370094.6657999996,4560585.3002],[369942.2653999999,4560549.5814],[369566.1858999999,4560418.7711],[369102.61560000014,4560314.0251],[368741.93489999976,4560241.952400001],[368358.4587000003,4560210.283600001],[368392.2885999996,4560654.2673],[368610.65919999965,4560821.0494],[368549.1179999998,4561004.6406],[368401.4173999997,4561608.694700001],[368539.2379999999,4561589.382999999],[368851.176,4561990.4519],[368887.05759999994,4562188.653899999],[368879.0086000003,4562397.3748],[369452.0284000002,4562455.255899999],[369580.21860000025,4562567.644099999],[369819.2742999997,4562626.134400001],[370705.8956000004,4562492.6165],[370994.4829000002,4562613.9726],[371771.1328999996,4562846.563999999],[372296.7000000002,4563025.1],[372489.3141000001,4562729.5373]]]}},{"type":"Feature","properties":{"cusec":"4313101002","mundissec":"43131001002","municipi_ine":"43131","pv_n":159,"pv_known_n":117,"pv_kw":854.0,"pv_edifici_n":159,"pv_edifici_known_n":117,"pv_edifici_kw":854.0,"buildings_n":1548,"functional_n":1535,"date_interval_n":410,"age_exact_n":1124,"age_median_exact":43.0,"age_median_min":38.0,"age_median_max":43.0,"age_exact_fraction":0.7322475570032573,"pv_known_fraction":0.7358490566037735,"kw_per_100_buildings":55.63517915309446,"association_sample":true,"moran_sample":true,"moran_i":0.09223040818843109,"moran_p_sim":0.3252,"moran_quadrant":"HH","moran_fdr":false,"moran_z":0.29759366725312947,"moran_lag":0.31200060496436843,"neighbors":["4305001002","4313101003","4313101001"]},"geometry":{"type":"Polygon","coordinates":[[[372084.95409999974,4560160.9924],[372290.9266999997,4560131.482000001],[373064.70880000014,4560101.977399999],[373527.21750000026,4559529.401900001],[373549.2380999997,4559472.6997],[373573.9494000003,4559439.312999999],[373653.3501000004,4559386.7853],[373729.48220000044,4559313.6975],[373812.75299999956,4559070.851500001],[373679.2511,4559026.0152],[373478.38019999955,4558911.243899999],[373374.55429999996,4558861.847999999],[373333.65160000045,4558852.4199],[373294.24679999985,4558830.7678],[373221.1994000003,4558771.3321],[373162.1741000004,4558698.7763],[373222.75,4558614.59],[373229.83999999985,4558588.210000001],[373223.0599999996,4558569.51],[373012.33999999985,4558376.630000001],[372939.4900000002,4558328.98],[372870.45999999996,4558302.35],[372761.6900000004,4558285.08],[372732.0700000003,4558288.77],[372722.5999999996,4558306.210000001],[372737.6799999997,4558335.59],[372756.0599999996,4558332.4399999995],[372767.5800000001,4558315.859999999],[372809.54000000004,4558318.970000001],[372813.4900000002,4558351.970000001],[372822.5800000001,4558351.789999999],[372826.3799999999,4558330.380000001],[372933.20999999996,4558369.3100000005],[372987.51999999955,4558404.52],[372937.83999999985,4558460.24],[372955.21999999974,4558475.17],[372961.73000000045,4558467.6],[372950.4500000002,4558457.91],[372992.25,4558409.23],[373175.2999999998,4558566.4399999995],[373121.70999999996,4558628.84],[373105.9500000002,4558616.130000001],[373123.51999999955,4558633.15],[373118.13999999966,4558639.82],[373099.0499999998,4558624.42],[373081.61000000034,4558644.5600000005],[373090.5499999998,4558652.300000001],[373008.45999999996,4558748.039999999],[372837.8700000001,4558600.800000001],[372846.83999999985,4558589.77],[372796.73000000045,4558547.3100000005],[372823.0499999998,4558516.25],[372777.3300000001,4558481.42],[372822.96999999974,4558427.82],[372813.9500000002,4558409.289999999],[372805.9400000004,4558417.869999999],[372738.9400000004,4558415.130000001],[372736.8300000001,4558455.43],[372759.1941999998,4558523.2184999995],[372695.67069999967,4558556.318399999],[372658.70660000015,4558567.0952],[372649.9497999996,4558556.380999999],[372626.0460999999,4558556.146299999],[372617.01999999955,4558540.710000001],[372617.86000000034,4558517.43],[372603.08999999985,4558511.82],[372604.7400000002,4558499.18],[372593.1699999999,4558502.07],[372582.20999999996,4558482.470000001],[372572.7599999998,4558488.300000001],[372514.48000000045,4558457.359999999],[372508.6200000001,4558468.23],[372533.3499999996,4558480.029999999],[372508.3099999996,4558549.17],[372409.01329999976,4558564.1423],[372279.3700000001,4558519.970000001],[372252.9890999999,4558520.75],[372213.1799999997,4558506.26],[372193.9400000004,4558470.789999999],[372116.0099999998,4558428.75],[372054.01999999955,4558417.99],[371998.01999999955,4558396.289999999],[371972.73000000045,4558402.390000001],[371914.76999999955,4558349.01],[371813.6900000004,4558338.25],[371775.9900000002,4558321.4],[371754.1699999999,4558322.48],[371732.8700000001,4558336.65],[371712.0700000003,4558368.380000001],[371665.9737,4558381.409399999],[371589.86149999965,4558373.437899999],[371442.0906999996,4558335.291200001],[371230.62710000016,4558255.3703000005],[370956.7000000002,4558116.32],[370757.1946999999,4558026.7831],[370703.3241999997,4558141.6711],[370522.7734000003,4558471.6436],[370813.97030000016,4558588.4344999995],[371010.95299999975,4558679.716],[371080.00939999986,4558720.0649999995],[371975.36120000016,4559435.7643],[372052.22279999964,4559478.0978],[372052.88430000003,4559571.6282],[372087.67700000014,4559761.996200001],[372109.8644000003,4559993.884299999],[372094.8360000001,4560047.647700001],[372077.05599999987,4560055.4794],[372030.2775999997,4560057.596100001],[372007.4927000003,4560125.8858],[372022.1041000001,4560137.999500001],[372075.1796000004,4560143.2446],[372084.95409999974,4560160.9924]]]}},{"type":"Feature","properties":{"cusec":"4313101003","mundissec":"43131001003","municipi_ine":"43131","pv_n":42,"pv_known_n":26,"pv_kw":920.0,"pv_edifici_n":42,"pv_edifici_known_n":26,"pv_edifici_kw":920.0,"buildings_n":727,"functional_n":709,"date_interval_n":110,"age_exact_n":599,"age_median_exact":44.0,"age_median_min":41.0,"age_median_max":46.0,"age_exact_fraction":0.844851904090268,"pv_known_fraction":0.6190476190476191,"kw_per_100_buildings":129.7602256699577,"association_sample":true,"moran_sample":true,"moran_i":0.11989360144882309,"moran_p_sim":0.4274,"moran_quadrant":"HH","moran_fdr":false,"moran_z":0.7522402894712819,"moran_lag":0.16045173089165102,"neighbors":["4313101002","4305001002","4313101001"]},"geometry":{"type":"Polygon","coordinates":[[[370892.01570000034,4560598.3706],[371034.8909999998,4560583.9243],[371178.8775000004,4560542.6493],[371923.61259999964,4560215.787900001],[372084.95409999974,4560160.9924],[372075.1796000004,4560143.2446],[372022.1041000001,4560137.999500001],[372007.2429999998,4560122.888599999],[372033.02919999976,4560055.0561],[372077.05599999987,4560055.4794],[372097.37600000016,4560044.4727],[372109.8644000003,4559993.884299999],[372109.4411000004,4559952.9267],[372087.67700000014,4559761.996200001],[372057.11760000046,4559606.8178],[372052.22279999964,4559478.0978],[371975.36120000016,4559435.7643],[371080.00939999986,4558720.0649999995],[370991.3738000002,4558670.3232],[370687.1129999999,4558538.1479],[370583.6283999998,4558995.673900001],[370554.16509999987,4559214.125600001],[370367.89080000017,4559149.613399999],[370281.8250000002,4559134.7355],[370272.51520000026,4559096.9714],[370123.01860000007,4559048.945599999],[370025.3161000004,4559264.348200001],[370045.69409999996,4559374.3737],[370065.0943,4559413.751599999],[370008.4746000003,4559524.5897],[369806.0231999997,4559390.0154],[369795.14749999996,4559424.798699999],[369747.45019999985,4559401.146],[369634.34190000035,4559373.5901999995],[369623.31549999956,4559396.0668],[369578.9737,4559380.702099999],[369489.80069999956,4559482.8686],[369466.91280000005,4559466.302100001],[369407.31510000024,4559506.001700001],[369132.82079999987,4559396.0022],[369057.68659999967,4559524.672800001],[368795.9866000004,4559441.452299999],[368358.4587000003,4560210.283600001],[368741.93489999976,4560241.952400001],[369102.61560000014,4560314.0251],[369566.1858999999,4560418.7711],[369942.2653999999,4560549.5814],[370094.6657999996,4560585.3002],[370241.45689999964,4560595.3544],[370892.01570000034,4560598.3706]]]}},{"type":"Feature","properties":{"cusec":"4313501001","mundissec":"43135901001","municipi_ine":"43135","pv_n":18,"pv_known_n":16,"pv_kw":215.0,"pv_edifici_n":18,"pv_edifici_known_n":16,"pv_edifici_kw":215.0,"buildings_n":412,"functional_n":392,"date_interval_n":48,"age_exact_n":344,"age_median_exact":81.0,"age_median_min":58.5,"age_median_max":76.0,"age_exact_fraction":0.8775510204081632,"pv_known_fraction":0.8888888888888888,"kw_per_100_buildings":54.8469387755102,"association_sample":true,"moran_sample":true,"moran_i":0.01623956463903172,"moran_p_sim":0.4294,"moran_quadrant":"HH","moran_fdr":false,"moran_z":0.2899781686379454,"moran_lag":0.056378571816379563,"neighbors":["4316401001"]},"geometry":{"type":"Polygon","coordinates":[[[362512.05709999986,4568174.1425],[363125.9223999996,4567890.8094],[363108.85670000035,4567846.1174],[363110.8816999998,4567790.082900001],[363128.26719999965,4567722.1435],[363119.0385999996,4567647.116599999],[363104.7093000002,4567618.120200001],[363177.1012000004,4567580.131100001],[363213.4204000002,4567530.1906],[363233.09339999966,4567466.630999999],[363236.11950000003,4567410.637800001],[363224.01219999976,4567310.758300001],[363233.5477999998,4567258.764599999],[363420.2581000002,4566991.039799999],[363820.8471999997,4566988.1642],[364045.9201999996,4566951.2509],[364047.8532999996,4566958.623500001],[364158.04899999965,4566897.543500001],[364237.2542000003,4566841.481899999],[364339.97919999994,4566817.991599999],[364452.00239999965,4566830.752699999],[364665.2572999997,4566885.7917],[365073.66509999987,4566851.789100001],[365105.9584999997,4566843.092700001],[365162.3598999996,4566807.4408],[365255.4071000004,4566770.812100001],[365328.4160000002,4566731.227399999],[365370.94629999995,4566689.4076000005],[365466.24540000036,4566617.3002],[365515.48110000044,4566564.0767],[365543.4621000001,4566569.517000001],[365570.14460000023,4566561.7776999995],[365638.76740000024,4566580.5899],[365735.0935000004,4566578.884],[365764.7588999998,4566563.3693],[365784.16839999985,4566542.9121],[365822.8267999999,4566529.1054],[365930.2492000004,4566550.1175999995],[365936.64719999954,4566563.721999999],[366000.0235000001,4566588.7754999995],[366036.2631000001,4566592.9473],[366121.6336000003,4566582.4296],[366321.3278000001,4566688.9838],[366435.56149999984,4566769.9276],[366505.82079999987,4566791.528100001],[366702.8772,4566797.7469999995],[366809.90660000034,4566828.686799999],[366871.8794,4566791.067299999],[366979.9497999996,4566765.471999999],[366989.5426000003,4566662.824200001],[366415.2971999999,4566334.2381],[366385.95430000033,4565959.638699999],[366374.34509999957,4565544.505100001],[366352.7170000002,4565468.6291000005],[366360.31240000017,4565449.771600001],[366384.40770000033,4565425.413899999],[366388.074,4565394.5089],[366371.8354000002,4565329.8178],[366322.858,4565199.65],[366325.47640000004,4565141.768300001],[366311.1500000004,4565030.288899999],[365969.48039999977,4564741.140900001],[365774.00549999997,4564535.437100001],[364776.0,4564516.5],[363653.0999999996,4564650.0],[363443.5,4564733.0],[362855.2396,4565049.2064],[362817.7605999997,4565048.8597],[362717.7592000002,4565069.335000001],[362654.5434999997,4565053.137399999],[362315.2000000002,4565051.6],[361994.7999999998,4565005.5],[361972.1730000004,4565027.3672],[361875.4408,4565074.4186],[361805.37509999983,4565089.851199999],[361712.5175000001,4565174.183700001],[361652.2126000002,4565272.7982],[361602.8980999999,4565386.9504],[361598.3827999998,4565430.6658],[361558.99120000005,4565469.865900001],[361542.8503999999,4565496.959899999],[361537.8547,4565552.8772],[361559.3766000001,4565609.3708],[361675.6311999997,4565664.5186],[361678.99430000037,4565724.278999999],[361638.8519000001,4565791.8663],[361519.0259999996,4565879.145099999],[361494.9056000002,4565869.9473],[361462.0689000003,4565836.462200001],[361420.27689999994,4565821.4070999995],[361305.1546,4565811.8036],[361228.57930000033,4565794.4125],[361187.56570000015,4565734.710200001],[361185.7483999999,4565703.820599999],[361203.13989999983,4565682.7947],[361270.2821000004,4565652.6899],[361369.1398,4565644.763800001],[361428.76520000026,4565587.2513],[361440.0100999996,4565526.4671],[361419.17619999964,4565466.570900001],[361421.3065999998,4565432.716399999],[361413.02049999963,4565424.667199999],[361319.50659999996,4565439.819499999],[361259.79679999966,4565471.6423],[361218.8382000001,4565506.233999999],[361165.3866999997,4565524.338500001],[361074.0033,4565519.130799999],[361026.5360000003,4565507.0572],[361002.38790000044,4565490.0118],[360956.93290000036,4565480.779100001],[360873.4809999997,4565534.994200001],[360857.61930000037,4565560.089199999],[360859.75019999966,4565582.1064],[360954.92289999966,4565783.693499999],[360964.37930000015,4565868.0494],[360947.0011999998,4565959.193600001],[360917.91089999955,4565982.428400001],[360869.3635999998,4565976.9507],[360762.7045999998,4565905.497400001],[360712.5717000002,4565908.323999999],[360690.0772000002,4565920.850099999],[360674.8565999996,4565974.278999999],[360670.1975999996,4566040.133199999],[360650.93879999965,4566090.7664],[360626.1997999996,4566114.112500001],[360543.6172000002,4566158.5232],[360516.67200000025,4566184.470899999],[360484.7366000004,4566188.961999999],[360412.3833999997,4566234.121200001],[360381.19680000003,4566274.0406],[360361.7368999999,4566367.3519],[360380.2001,4566437.0856],[360440.0346999997,4566516.1406],[360541.37409999967,4566538.534],[360634.11789999995,4566569.749399999],[360717.58719999995,4566578.1183],[360760.6484000003,4566571.5163],[360782.73369999975,4566549.163699999],[360805.1277999999,4566543.960899999],[360871.6314000003,4566489.671399999],[360909.1805999996,4566418.643200001],[360933.38439999986,4566410.273399999],[360965.73170000035,4566436.286599999],[360987.9001000002,4566487.1822999995],[360993.2960000001,4566520.622300001],[361016.1760999998,4566558.210100001],[361058.52809999976,4566591.727600001],[361114.46839999966,4566603.714299999],[361131.78330000024,4566624.2256000005],[361185.3256999999,4566576.2765],[361280.91530000046,4566425.576300001],[361372.83660000004,4566358.3748],[361399.87849999964,4566365.4377],[361445.8903000001,4566417.805600001],[361474.14300000016,4566437.9858],[361596.84049999993,4566485.6107],[361635.5871000001,4566512.6522],[361727.81180000026,4566518.100199999],[361761.9166000001,4566501.753799999],[361789.6601,4566516.2083],[361822.0787000004,4566578.0996],[361811.4572999999,4566653.923699999],[361789.62150000036,4566713.010199999],[361800.92530000024,4566752.4438000005],[361798.4848999996,4566769.6559],[361728.8658999996,4566786.6116],[361656.5767000001,4566787.1842],[361625.17030000035,4566762.360300001],[361589.4386,4566761.2322],[361558.22020000033,4566749.0085],[361527.19039999973,4566784.928400001],[361504.9992000004,4566793.955600001],[361490.14269999973,4566851.3145],[361498.9179999996,4566884.3013],[361541.67229999974,4566938.010399999],[361559.9145999998,4566984.649599999],[361601.6645999998,4567026.2108],[361634.6448999997,4567088.193],[361693.62770000007,4567166.8355],[361814.4939000001,4567277.7084],[361890.78330000024,4567310.0362],[361923.7468999997,4567353.2544],[361941.93819999974,4567417.7158],[361919.8021999998,4567513.7787],[361924.79920000024,4567552.5701],[361944.72190000024,4567607.443600001],[361941.22699999996,4567640.1230999995],[362025.6349999998,4567702.1612],[362123.0256000003,4567746.0963],[362155.2176000001,4567745.6746],[362176.8876,4567768.392899999],[362176.1886999998,4567789.713199999],[362154.1695999997,4567822.2182],[362082.38549999986,4567891.5951000005],[362079.5061999997,4567955.664899999],[362091.3284,4567981.5822],[362113.2714999998,4568001.3508],[362143.76970000006,4568007.4991999995],[362170.61510000005,4567976.0079],[362230.25289999973,4567960.739],[362242.6244000001,4567967.1482],[362371.0645000003,4568242.461300001],[362393.6326000001,4568300.786499999],[362395.0,4568333.9],[362414.3814000003,4568334.920499999],[362512.05709999986,4568174.1425]]]}},{"type":"Feature","properties":{"cusec":"4314401001","mundissec":"43144401001","municipi_ine":"43144","pv_n":94,"pv_known_n":75,"pv_kw":413.0,"pv_edifici_n":94,"pv_edifici_known_n":75,"pv_edifici_kw":413.0,"buildings_n":947,"functional_n":882,"date_interval_n":192,"age_exact_n":690,"age_median_exact":48.5,"age_median_min":44.0,"age_median_max":47.5,"age_exact_fraction":0.782312925170068,"pv_known_fraction":0.7978723404255319,"kw_per_100_buildings":46.82539682539682,"association_sample":true,"moran_sample":true,"moran_i":0.09544324560942684,"moran_p_sim":0.1488,"moran_quadrant":"HH","moran_fdr":false,"moran_z":0.20572622219622497,"moran_lag":0.4670469485078369,"neighbors":["4304301001","4304301002","4310001001","4310301001","4312201001"]},"geometry":{"type":"Polygon","coordinates":[[[356797.04530000035,4566431.028100001],[356908.36290000007,4566435.816],[356926.86539999954,4566467.456599999],[356980.9000000004,4566453.800000001],[356995.2999999998,4566447.1],[356990.2374999998,4566448.8489],[356960.47059999965,4566392.8627],[356937.4743999997,4566331.6039],[356887.7644999996,4565955.9155],[356813.4009999996,4565809.1984],[356795.21690000035,4565721.053200001],[356808.80709999986,4565645.637],[356870.0588999996,4565502.9395],[356905.47009999957,4565131.217700001],[356973.4212999996,4564909.658600001],[357010.0,4564615.9],[357132.9682,4564550.5724],[357239.8104999997,4564552.4717999995],[357318.27890000027,4564584.746200001],[357330.4000000004,4564597.9],[357333.4028000003,4564589.1852],[357505.2285000002,4564511.959799999],[357504.61280000024,4564471.432700001],[357563.31350000016,4564432.2983],[357623.47300000023,4564490.4454],[357717.7045999998,4564465.2752],[357777.0588999996,4564434.5657],[357820.3830000004,4564367.4427000005],[357908.8624,4564295.4377],[358012.59700000007,4564232.752599999],[358051.51740000024,4564164.088400001],[358060.80200000014,4564071.796],[358092.0899,4564014.0832],[358115.2133999998,4563977.8704],[358145.82490000036,4563948.8751],[358227.42090000026,4563889.8166000005],[358245.9556,4563823.979],[358256.65020000003,4563703.869000001],[358296.0190000003,4563507.4333999995],[358460.0,4562893.0],[358384.71389999986,4562919.6732],[358307.10780000035,4562997.428300001],[358230.29920000024,4563098.6603],[358184.54140000045,4563132.012700001],[358126.2586000003,4563148.205800001],[358087.8063000003,4563174.353700001],[358050.2533999998,4563215.252800001],[357998.6666000001,4563239.1833],[357958.1183000002,4563278.9614],[357889.17650000006,4563295.051999999],[357811.36899999995,4563297.913699999],[357783.8875000002,4563339.929199999],[357732.93460000027,4563336.708799999],[357645.36760000046,4563379.644099999],[357552.4118999997,4563381.5768],[357469.2000000002,4563400.699999999],[356947.0999999996,4562552.9],[356871.7999999998,4562838.6],[356873.5209999997,4563080.2333],[356862.5,4563226.300000001],[356304.0999999996,4563537.699999999],[356525.2999999998,4563074.1],[356429.449,4562936.954700001],[356380.43680000026,4562809.440199999],[356350.55009999964,4562700.096000001],[356301.5407999996,4562609.0295],[356288.4941999996,4562550.399],[356228.7383000003,4562487.873299999],[356216.5,4562465.699999999],[356179.4000000004,4562254.0],[356175.30399999954,4562109.100299999],[356194.7134999996,4562006.909499999],[356189.11429999955,4561908.645400001],[356195.65950000007,4561815.747400001],[356243.34250000026,4561674.863700001],[356237.0373999998,4561616.3541],[356249.70050000027,4561445.182600001],[356254.09800000023,4561431.2568],[356299.37799999956,4561406.7151],[356314.5999999996,4561375.0],[356298.4944000002,4561314.5206],[356295.6314000003,4561260.6963],[356312.5230999999,4561106.0945999995],[356306.9402999999,4561061.0024],[356290.62119999994,4561015.767100001],[356242.8092,4560945.6238],[356005.2767000003,4560752.571900001],[355949.78170000017,4560669.7743],[355855.7324000001,4560299.7323],[355836.96910000034,4560261.8948],[355757.3280999996,4560151.017100001],[355730.3332000002,4560094.169299999],[355719.88329999987,4560008.136299999],[355713.0251000002,4559765.875],[355687.2000000002,4559656.6],[354875.5,4559790.699999999],[354748.0999999996,4559785.1],[354374.2000000002,4560188.699999999],[354382.4687999999,4560235.965399999],[354313.0954,4560313.262499999],[354289.7999999998,4560368.800000001],[354474.7999999998,4560510.4],[354322.0999999996,4560872.0],[354211.5999999996,4561720.4],[354021.2000000002,4562380.199999999],[354147.5999999996,4562551.9],[353548.0999999996,4563882.6],[352669.9000000004,4564827.6],[353060.0,4565334.699999999],[353438.0,4565150.1],[354122.66839999985,4564917.570499999],[354134.6913999999,4564939.0987],[354207.7544999998,4564992.574899999],[354248.70440000016,4565003.104499999],[354314.5917999996,4565006.459000001],[354324.4117999999,4565014.0966],[354351.4561999999,4565085.4859],[354350.5214999998,4565157.966499999],[354369.0713999998,4565300.9013],[354591.1671000002,4565333.319700001],[354600.2388000004,4565379.1537999995],[354591.0987999998,4565446.637],[354618.0451999996,4565545.795299999],[354689.4308000002,4565617.023],[354761.68230000045,4565726.0612],[354798.80260000005,4565824.162599999],[354795.15780000016,4565943.807],[354755.6819000002,4566034.695900001],[354788.82459999993,4566067.1428],[354880.6037999997,4566077.107999999],[354980.7000000002,4566135.800000001],[355066.95990000013,4566143.079700001],[355171.1853,4566202.901900001],[355243.9179999996,4566231.2587],[355382.1238000002,4566247.6852],[355553.54279999994,4566381.6042],[355566.2000000002,4566412.6],[355961.7000000002,4566048.300000001],[355982.4146999996,4566049.710899999],[356142.91810000036,4566107.747199999],[356217.3030000003,4566154.7588],[356230.09250000026,4566302.2829],[356264.1911000004,4566340.660599999],[356301.04420000035,4566351.864499999],[356323.59300000034,4566345.945499999],[356435.3502000002,4566351.1599],[356578.11199999973,4566395.975500001],[356596.96499999985,4566457.4475],[356665.2324999999,4566478.8803],[356797.04530000035,4566431.028100001]]]}},{"type":"Feature","properties":{"cusec":"4314801001","mundissec":"43148201001","municipi_ine":"43148","pv_n":1,"pv_known_n":1,"pv_kw":3.0,"pv_edifici_n":1,"pv_edifici_known_n":1,"pv_edifici_kw":3.0,"buildings_n":293,"functional_n":203,"date_interval_n":3,"age_exact_n":200,"age_median_exact":135.5,"age_median_min":130.0,"age_median_max":135.0,"age_exact_fraction":0.9852216748768473,"pv_known_fraction":1.0,"kw_per_100_buildings":1.477832512315271,"association_sample":true,"moran_sample":true,"moran_i":-0.578344148048599,"moran_p_sim":0.1352,"moran_quadrant":"LH","moran_fdr":false,"moran_z":-1.4027071798233652,"moran_lag":0.4150728397007526,"neighbors":["4314803003","4314804001","4314804002","4314804004","4314804015","4314802001","4314803002"]},"geometry":{"type":"Polygon","coordinates":[[[353481.1398,4553387.232100001],[353517.2292999998,4553352.7798],[353510.57079999987,4553325.0372],[353516.11930000037,4553318.7488],[353641.19990000036,4553251.792199999],[353677.67059999984,4553309.312100001],[353771.49810000043,4553239.711100001],[353743.4190999996,4553203.0404],[353764.6891999999,4553188.867000001],[353734.1984000001,4553148.035599999],[353759.0077999998,4553130.181600001],[353727.0016999999,4553113.7455],[353712.1849999996,4553096.4947],[353705.03139999975,4553032.7563000005],[353678.00069999974,4553033.2062],[353660.1149000004,4553042.413699999],[353312.96860000025,4553274.1132],[353462.2396,4553365.1722],[353481.1398,4553387.232100001]]]}},{"type":"Feature","properties":{"cusec":"4314802001","mundissec":"43148202001","municipi_ine":"43148","pv_n":4,"pv_known_n":4,"pv_kw":32.0,"pv_edifici_n":4,"pv_edifici_known_n":4,"pv_edifici_kw":32.0,"buildings_n":270,"functional_n":190,"date_interval_n":5,"age_exact_n":185,"age_median_exact":156.0,"age_median_min":156.0,"age_median_max":163.0,"age_exact_fraction":0.9736842105263158,"pv_known_fraction":1.0,"kw_per_100_buildings":16.842105263157894,"association_sample":true,"moran_sample":true,"moran_i":-0.03598893309213116,"moran_p_sim":0.4283,"moran_quadrant":"LH","moran_fdr":false,"moran_z":-0.33002239652327964,"moran_lag":0.10978185098198645,"neighbors":["4314803003","4314804004","4314804015","4314801001","4314803001"]},"geometry":{"type":"Polygon","coordinates":[[[353593.08779999986,4553434.419500001],[353792.37849999964,4553306.3686],[353806.29009999987,4553322.4493],[353854.81900000013,4553287.956599999],[353884.61010000017,4553344.889],[353921.60869999975,4553365.8138],[353979.76020000037,4553344.2283],[353871.16000000015,4553191.160599999],[353759.0077999998,4553130.181600001],[353734.1984000001,4553148.035599999],[353764.6891999999,4553188.867000001],[353743.4190999996,4553203.0404],[353771.49810000043,4553239.711100001],[353677.67059999984,4553309.312100001],[353641.19990000036,4553251.792199999],[353516.11930000037,4553318.7488],[353510.57079999987,4553325.0372],[353517.2292999998,4553352.7798],[353481.1398,4553387.232100001],[353519.97109999973,4553428.0044],[353568.6457000002,4553395.914799999],[353593.08779999986,4553434.419500001]]]}},{"type":"Feature","properties":{"cusec":"4314803001","mundissec":"43148203001","municipi_ine":"43148","pv_n":1,"pv_known_n":1,"pv_kw":35.0,"pv_edifici_n":1,"pv_edifici_known_n":1,"pv_edifici_kw":35.0,"buildings_n":224,"functional_n":167,"date_interval_n":5,"age_exact_n":162,"age_median_exact":170.0,"age_median_min":166.0,"age_median_max":170.0,"age_exact_fraction":0.9700598802395209,"pv_known_fraction":1.0,"kw_per_100_buildings":20.95808383233533,"association_sample":true,"moran_sample":true,"moran_i":-0.14847017798754072,"moran_p_sim":0.1046,"moran_quadrant":"LH","moran_fdr":false,"moran_z":-0.2172352845932208,"moran_lag":0.688040262036568,"neighbors":["4314803003","4314802001","4314804015"]},"geometry":{"type":"Polygon","coordinates":[[[353758.90020000003,4553616.200200001],[353828.7918999996,4553595.0898],[353837.3718999997,4553602.239700001],[353843.9614000004,4553593.228800001],[353921.7418999998,4553579.349099999],[353976.0820000004,4553585.068700001],[353990.19820000045,4553529.476299999],[353996.47169999965,4553528.976199999],[354060.5292999996,4553411.922599999],[353993.81230000034,4553365.3631],[353979.76020000037,4553344.2283],[353921.60869999975,4553365.8138],[353884.61010000017,4553344.889],[353854.81900000013,4553287.956599999],[353806.29009999987,4553322.4493],[353792.37849999964,4553306.3686],[353593.08779999986,4553434.419500001],[353568.6457000002,4553395.914799999],[353519.97109999973,4553428.0044],[353538.5103000002,4553444.8718],[353542.8004999999,4553472.061799999],[353562.82070000004,4553490.6515999995],[353582.84059999976,4553483.501499999],[353644.3211000003,4553527.8511],[353647.1813000003,4553556.461100001],[353674.7496999996,4553555.819399999],[353734.6727999998,4553590.301899999],[353732.2810000004,4553595.6294],[353758.90020000003,4553616.200200001]]]}},{"type":"Feature","properties":{"cusec":"4314803002","mundissec":"43148203002","municipi_ine":"43148","pv_n":62,"pv_known_n":37,"pv_kw":259.0,"pv_edifici_n":62,"pv_edifici_known_n":37,"pv_edifici_kw":259.0,"buildings_n":237,"functional_n":229,"date_interval_n":26,"age_exact_n":203,"age_median_exact":49.0,"age_median_min":49.0,"age_median_max":49.0,"age_exact_fraction":0.8864628820960698,"pv_known_fraction":0.5967741935483871,"kw_per_100_buildings":113.1004366812227,"association_sample":true,"moran_sample":true,"moran_i":0.19964838238150212,"moran_p_sim":0.2026,"moran_quadrant":"HH","moran_fdr":false,"moran_z":0.6781880829398866,"moran_lag":0.2963607138887508,"neighbors":["4314803003","4314804001","4314807007","4314805001","4314805005","4314805007","4314807023","4314801001"]},"geometry":{"type":"Polygon","coordinates":[[[354941.199,4553542.1768],[355023.26209999993,4553458.552200001],[355088.2105999999,4553346.479499999],[355149.68120000046,4553259.7337],[355128.79000000004,4553233.66],[355128.7599999998,4553217.75],[355135.38999999966,4553207.140000001],[355142.66000000015,4553210.17],[355160.91000000015,4553178.98],[355175.3499999996,4553098.9399999995],[355166.1900000004,4553081.5],[355152.75,4553091.24],[355131.5499999998,4553084.09],[355112.8099999996,4553023.210000001],[355080.3499999996,4552999.890000001],[355073.4299999997,4553001.99],[355060.11000000034,4552980.1899999995],[354980.0,4552942.470000001],[354941.0499999998,4552943.07],[354913.20999999996,4552922.66],[354892.08999999985,4552896.220000001],[354880.6500000004,4552827.01],[354852.54000000004,4552797.289999999],[354799.4900000002,4552777.27],[354786.1900000004,4552759.43],[354748.46999999974,4552750.41],[354725.9299999997,4552762.32],[354707.46999999974,4552761.220000001],[354710.2000000002,4552792.68],[354689.83999999985,4552806.77],[354688.6799999997,4552819.6],[354679.79000000004,4552825.24],[354648.51999999955,4552825.15],[354638.1500000004,4552833.25],[354610.6799999997,4552818.6899999995],[354598.13999999966,4552822.3100000005],[354536.0,4552744.41],[354513.73000000045,4552754.970000001],[354503.4000000004,4552744.92],[354477.20999999996,4552752.48],[354456.9000000004,4552747.619999999],[354466.0499999998,4552712.640000001],[354446.36000000034,4552702.25],[354438.3300000001,4552680.210000001],[354443.78000000026,4552672.67],[354429.6299999999,4552657.25],[354402.88999999966,4552725.99],[354385.83999999985,4552818.66],[354329.53000000026,4552879.09],[354311.29000000004,4552891.470000001],[354149.99120000005,4552888.962099999],[354030.5856999997,4552866.952099999],[353833.80289999954,4552804.309800001],[353680.8312999997,4552728.1227],[353449.22809999995,4552570.042400001],[353333.51999999955,4552432.6899999995],[353238.8047000002,4552550.0769],[353362.47310000006,4552650.593900001],[353453.83550000004,4552713.7368],[353475.70019999985,4552715.4823],[353614.9670000002,4552839.3674],[353695.0750000002,4552885.459000001],[353708.93709999975,4553003.9736],[353705.03139999975,4553032.7563000005],[354355.7067999998,4553243.235099999],[354941.199,4553542.1768]]]}},{"type":"Feature","properties":{"cusec":"4314803003","mundissec":"43148203003","municipi_ine":"43148","pv_n":134,"pv_known_n":100,"pv_kw":779.0,"pv_edifici_n":134,"pv_edifici_known_n":100,"pv_edifici_kw":779.0,"buildings_n":149,"functional_n":137,"date_interval_n":26,"age_exact_n":111,"age_median_exact":66.0,"age_median_min":58.0,"age_median_max":66.0,"age_exact_fraction":0.8102189781021898,"pv_known_fraction":0.746268656716418,"kw_per_100_buildings":568.6131386861314,"association_sample":true,"moran_sample":true,"moran_i":0.22609356818007345,"moran_p_sim":0.3242,"moran_quadrant":"HH","moran_fdr":false,"moran_z":1.5518416034154523,"moran_lag":0.14667152509442757,"neighbors":["4314804001","4314807007","4314804015","4314807020","4314807023","4314801001","4314802001","4314803001","4314803002"]},"geometry":{"type":"Polygon","coordinates":[[[354242.57320000045,4553819.1647],[354498.9386,4553792.715],[354586.31460000016,4553760.3983],[354581.3192999996,4553716.689099999],[354684.84779999964,4553671.2314],[354826.3409000002,4553575.570599999],[354894.4018000001,4553583.858200001],[354941.199,4553542.1768],[354355.7067999998,4553243.235099999],[353705.03139999975,4553032.7563000005],[353706.4583999999,4553082.8102],[353721.8158,4553109.5122],[353871.16000000015,4553191.160599999],[353993.81230000034,4553365.3631],[354060.5292999996,4553411.922599999],[353996.47169999965,4553528.976199999],[354048.2483999999,4553575.598099999],[354056.81850000005,4553594.188100001],[354055.38879999984,4553627.0781],[354034.07930000033,4553682.3408],[354000.7444000002,4553688.556],[353945.9391999999,4553633.751700001],[353834.0700000003,4553672.737400001],[353806.9502999997,4553700.4224],[353854.4101999998,4553717.937000001],[353909.78000000026,4553710.591600001],[353953.8501000004,4553761.441],[354021.6501000002,4553790.8204],[354050.46499999985,4553793.0802],[354088.3197999997,4553783.4749],[354242.57320000045,4553819.1647]]]}},{"type":"Feature","properties":{"cusec":"4314804001","mundissec":"43148204001","municipi_ine":"43148","pv_n":4,"pv_known_n":4,"pv_kw":90.0,"pv_edifici_n":4,"pv_edifici_known_n":4,"pv_edifici_kw":90.0,"buildings_n":109,"functional_n":103,"date_interval_n":5,"age_exact_n":98,"age_median_exact":95.5,"age_median_min":86.0,"age_median_max":96.0,"age_exact_fraction":0.9514563106796117,"pv_known_fraction":1.0,"kw_per_100_buildings":87.37864077669903,"association_sample":true,"moran_sample":true,"moran_i":-0.11959517244089742,"moran_p_sim":0.2862,"moran_quadrant":"HL","moran_fdr":false,"moran_z":0.5393879598880053,"moran_lag":-0.2232119245485732,"neighbors":["4314803003","4314804002","4314805001","4314805002","4314801001","4314803002"]},"geometry":{"type":"Polygon","coordinates":[[[353392.7320999997,4553222.4725],[353678.00069999974,4553033.2062],[353705.03139999975,4553032.7563000005],[353708.93709999975,4553003.9736],[353695.0750000002,4552885.459000001],[353620.98759999964,4552843.006999999],[353293.1370000001,4553060.618000001],[353392.7320999997,4553222.4725]]]}},{"type":"Feature","properties":{"cusec":"4314804002","mundissec":"43148204002","municipi_ine":"43148","pv_n":1,"pv_known_n":1,"pv_kw":15.0,"pv_edifici_n":1,"pv_edifici_known_n":1,"pv_edifici_kw":15.0,"buildings_n":63,"functional_n":63,"date_interval_n":6,"age_exact_n":57,"age_median_exact":66.0,"age_median_min":66.0,"age_median_max":72.0,"age_exact_fraction":0.9047619047619048,"pv_known_fraction":1.0,"kw_per_100_buildings":23.80952380952381,"association_sample":true,"moran_sample":true,"moran_i":0.11635763355198099,"moran_p_sim":0.0119,"moran_quadrant":"LL","moran_fdr":false,"moran_z":-0.1508954877258621,"moran_lag":-0.7762893313278213,"neighbors":["4314804001","4314804003","4314804004","4314804010","4314804012","4314805001","4314805002","4314801001","4314806008"]},"geometry":{"type":"Polygon","coordinates":[[[353084.45880000014,4553343.475],[353320.1286000004,4553271.9331],[353392.7320999997,4553222.4725],[353293.1370000001,4553060.618000001],[353018.1079000002,4553242.4454],[353084.45880000014,4553343.475]]]}},{"type":"Feature","properties":{"cusec":"4314804003","mundissec":"43148204003","municipi_ine":"43148","pv_n":2,"pv_known_n":2,"pv_kw":25.0,"pv_edifici_n":2,"pv_edifici_known_n":2,"pv_edifici_kw":25.0,"buildings_n":58,"functional_n":57,"date_interval_n":0,"age_exact_n":57,"age_median_exact":80.0,"age_median_min":80.0,"age_median_max":80.0,"age_exact_fraction":1.0,"pv_known_fraction":1.0,"kw_per_100_buildings":43.85964912280702,"association_sample":true,"moran_sample":true,"moran_i":-0.17691954177489247,"moran_p_sim":0.0225,"moran_quadrant":"HL","moran_fdr":false,"moran_z":0.17094147413267427,"moran_lag":-1.041917546069926,"neighbors":["4314804002","4314804012","4314804004","4314804010"]},"geometry":{"type":"Polygon","coordinates":[[[353297.4911000002,4553411.3817],[353227.2090999996,4553355.313999999],[353257.0027999999,4553308.5449],[353247.5491000004,4553293.9706],[353084.45880000014,4553343.475],[353149.3241999997,4553447.3663],[353184.12490000017,4553548.701099999],[353297.4911000002,4553411.3817]]]}},{"type":"Feature","properties":{"cusec":"4314804004","mundissec":"43148204004","municipi_ine":"43148","pv_n":2,"pv_known_n":2,"pv_kw":13.0,"pv_edifici_n":2,"pv_edifici_known_n":2,"pv_edifici_kw":13.0,"buildings_n":63,"functional_n":63,"date_interval_n":4,"age_exact_n":59,"age_median_exact":81.0,"age_median_min":76.0,"age_median_max":84.0,"age_exact_fraction":0.9365079365079365,"pv_known_fraction":1.0,"kw_per_100_buildings":20.634920634920636,"association_sample":true,"moran_sample":true,"moran_i":0.061640422574064505,"moran_p_sim":0.1958,"moran_quadrant":"LL","moran_fdr":false,"moran_z":-0.22529146330646566,"moran_lag":-0.2754392721968659,"neighbors":["4314804002","4314804003","4314804007","4314804010","4314804014","4314804015","4314804016","4314801001","4314802001"]},"geometry":{"type":"Polygon","coordinates":[[[353219.23139999993,4553652.874500001],[353392.7803999996,4553485.8529],[353481.1398,4553387.232100001],[353462.2396,4553365.1722],[353312.96860000025,4553274.1132],[353247.5491000004,4553293.9706],[353257.0027999999,4553308.5449],[353227.2090999996,4553355.313999999],[353297.4911000002,4553411.3817],[353184.12490000017,4553548.701099999],[353219.23139999993,4553652.874500001]]]}},{"type":"Feature","properties":{"cusec":"4314804005","mundissec":"43148204005","municipi_ine":"43148","pv_n":1,"pv_known_n":1,"pv_kw":10.0,"pv_edifici_n":1,"pv_edifici_known_n":1,"pv_edifici_kw":10.0,"buildings_n":16,"functional_n":16,"date_interval_n":0,"age_exact_n":16,"age_median_exact":56.0,"age_median_min":56.0,"age_median_max":56.0,"age_exact_fraction":1.0,"pv_known_fraction":1.0,"kw_per_100_buildings":62.5,"association_sample":true,"moran_sample":true,"moran_i":-0.055696240672034145,"moran_p_sim":0.3734,"moran_quadrant":"HL","moran_fdr":false,"moran_z":0.3597590217048149,"moran_lag":-0.1558544402286226,"neighbors":["4314804008","4314804016","4314804006"]},"geometry":{"type":"Polygon","coordinates":[[[352967.70210000034,4553857.461100001],[353066.4721999997,4553787.095899999],[352866.80950000044,4553484.1669],[352798.48039999977,4553614.377599999],[352886.43149999995,4553742.4672],[352945.1749999998,4553852.063999999],[352967.70210000034,4553857.461100001]]]}},{"type":"Feature","properties":{"cusec":"4314804006","mundissec":"43148204006","municipi_ine":"43148","pv_n":0,"pv_known_n":0,"pv_kw":0.0,"pv_edifici_n":0,"pv_edifici_known_n":0,"pv_edifici_kw":0.0,"buildings_n":28,"functional_n":27,"date_interval_n":1,"age_exact_n":26,"age_median_exact":58.0,"age_median_min":58.0,"age_median_max":58.0,"age_exact_fraction":0.9629629629629629,"pv_known_fraction":null,"kw_per_100_buildings":0.0,"association_sample":false,"moran_sample":true,"moran_i":-0.6480671692352616,"moran_p_sim":0.1889,"moran_quadrant":"LH","moran_fdr":false,"moran_z":-1.8957416166236878,"moran_lag":0.34414848922610114,"neighbors":["4314806012","4314807001","4314804005","4314804008","4314804012","4314804016","4314807014"]},"geometry":{"type":"Polygon","coordinates":[[[352717.0815000003,4553768.7085],[352774.1507000001,4553660.9979],[352913.38889999967,4553395.396400001],[352699.9291000003,4553460.848099999],[352614.64109999966,4553735.429199999],[352717.0815000003,4553768.7085]]]}},{"type":"Feature","properties":{"cusec":"4314804007","mundissec":"43148204007","municipi_ine":"43148","pv_n":2,"pv_known_n":1,"pv_kw":30.0,"pv_edifici_n":2,"pv_edifici_known_n":1,"pv_edifici_kw":30.0,"buildings_n":76,"functional_n":76,"date_interval_n":3,"age_exact_n":73,"age_median_exact":67.0,"age_median_min":67.0,"age_median_max":67.0,"age_exact_fraction":0.9605263157894737,"pv_known_fraction":0.5,"kw_per_100_buildings":39.473684210526315,"association_sample":true,"moran_sample":true,"moran_i":-0.04870698578740391,"moran_p_sim":0.2274,"moran_quadrant":"HL","moran_fdr":false,"moran_z":0.11503715584266362,"moran_lag":-0.42624383357087403,"neighbors":["4314804004","4314804015","4314804014"]},"geometry":{"type":"Polygon","coordinates":[[[353415.6127000004,4553782.6632],[353495.6924999999,4553743.8325],[353484.68209999986,4553698.4726],[353604.9919999996,4553653.3616],[353392.7803999996,4553485.8529],[353283.93099999987,4553590.6039],[353415.6127000004,4553782.6632]]]}},{"type":"Feature","properties":{"cusec":"4314804008","mundissec":"43148204008","municipi_ine":"43148","pv_n":3,"pv_known_n":2,"pv_kw":6.0,"pv_edifici_n":3,"pv_edifici_known_n":2,"pv_edifici_kw":6.0,"buildings_n":66,"functional_n":66,"date_interval_n":1,"age_exact_n":65,"age_median_exact":69.0,"age_median_min":69.0,"age_median_max":69.0,"age_exact_fraction":0.9848484848484849,"pv_known_fraction":0.6666666666666666,"kw_per_100_buildings":9.090909090909092,"association_sample":true,"moran_sample":true,"moran_i":0.41424951429708845,"moran_p_sim":0.0782,"moran_quadrant":"LL","moran_fdr":false,"moran_z":-0.6396963424173999,"moran_lag":-0.6519182379622057,"neighbors":["4314804005","4314804006","4314804010","4314804012","4314804016"]},"geometry":{"type":"Polygon","coordinates":[[[353066.4721999997,4553787.095899999],[353165.61170000024,4553702.484999999],[352954.5689000003,4553382.8961],[352913.38889999967,4553395.396400001],[352866.80950000044,4553484.1669],[353066.4721999997,4553787.095899999]]]}},{"type":"Feature","properties":{"cusec":"4314804009","mundissec":"43148204009","municipi_ine":"43148","pv_n":83,"pv_known_n":76,"pv_kw":231.0,"pv_edifici_n":83,"pv_edifici_known_n":76,"pv_edifici_kw":231.0,"buildings_n":129,"functional_n":110,"date_interval_n":23,"age_exact_n":87,"age_median_exact":32.0,"age_median_min":31.0,"age_median_max":38.0,"age_exact_fraction":0.7909090909090909,"pv_known_fraction":0.9156626506024096,"kw_per_100_buildings":210.0,"association_sample":true,"moran_sample":true,"moran_i":0.7811504439145119,"moran_p_sim":0.0148,"moran_quadrant":"HH","moran_fdr":false,"moran_z":1.0122331824491286,"moran_lag":0.7768892365697462,"neighbors":["4314807001","4314807004","4314807007","4314804015","4314804016","4314807019"]},"geometry":{"type":"Polygon","coordinates":[[[352980.7293999996,4554888.848200001],[353035.0351999998,4554872.510199999],[353056.8367999997,4554815.980699999],[353224.4774000002,4554884.073000001],[353265.13049999997,4554833.112500001],[353320.6930999998,4554637.8496],[353196.4974999996,4554587.8179],[353128.2348999996,4554575.514799999],[353048.8596999999,4554541.978800001],[353009.1721000001,4554487.011499999],[352947.2594999997,4554428.2739],[352864.5109000001,4554448.9114],[352843.8733999999,4554445.736400001],[352802.20139999967,4554421.923900001],[352725.4358000001,4554432.6316],[352690.7435999997,4554390.0548],[352659.20519999973,4554366.7952],[352669.2391999997,4554323.053200001],[352739.43099999987,4554314.7568],[352744.95019999985,4554354.9683],[352780.8251,4554353.3914],[352783.58469999954,4554334.4683],[352808.81539999973,4554336.4395],[352854.5460999999,4554304.506899999],[352851.65940000024,4554291.3915],[352994.59580000024,4554279.417199999],[353000.3161000004,4554316.587200001],[353028.89639999997,4554349.477],[353095.8110999996,4554341.5496],[353101.8200000003,4554368.4168],[353283.76960000023,4554374.887],[353282.4106999999,4554434.541300001],[353329.83050000016,4554445.496200001],[353364.3306999998,4554433.657500001],[353383.2723000003,4554451.2458],[353355.53699999955,4554492.173],[353413.3585000001,4554546.794399999],[353436.56659999955,4554583.744999999],[353453.1679999996,4554477.004000001],[353445.0574000003,4554404.254000001],[353413.35670000035,4554320.8741],[353367.2651000004,4554120.3741],[353307.0971999997,4553930.667199999],[353067.8448999999,4554020.333900001],[352976.63740000036,4554038.5754],[352957.1470999997,4553887.284600001],[352929.0314999996,4553882.8552],[352853.3959999997,4553911.329700001],[352818.69269999955,4553915.778899999],[352716.9276999999,4553912.6722],[352711.04640000034,4554086.4977],[352642.05620000046,4554237.4878],[352625.89269999973,4554301.353],[352626.28699999955,4554406.2182],[352659.4023000002,4554508.5209],[352595.53699999955,4554557.4054000005],[352867.61980000045,4554882.2336],[352892.0937999999,4554866.3586],[352915.9062999999,4554864.3741999995],[352980.7293999996,4554888.848200001]]]}},{"type":"Feature","properties":{"cusec":"4314804010","mundissec":"43148204010","municipi_ine":"43148","pv_n":0,"pv_known_n":0,"pv_kw":0.0,"pv_edifici_n":0,"pv_edifici_known_n":0,"pv_edifici_kw":0.0,"buildings_n":35,"functional_n":35,"date_interval_n":3,"age_exact_n":32,"age_median_exact":61.0,"age_median_min":61.0,"age_median_max":61.0,"age_exact_fraction":0.9142857142857143,"pv_known_fraction":null,"kw_per_100_buildings":0.0,"association_sample":false,"moran_sample":true,"moran_i":0.6909779802640466,"moran_p_sim":0.155,"moran_quadrant":"LL","moran_fdr":false,"moran_z":-1.8957416166236878,"moran_lag":-0.36693577345845835,"neighbors":["4314804002","4314804003","4314804004","4314804008","4314804012","4314804014","4314804016"]},"geometry":{"type":"Polygon","coordinates":[[[353217.53139999975,4553654.5045],[353149.3241999997,4553447.3663],[353084.45880000014,4553343.475],[352954.5689000003,4553382.8961],[353165.61170000024,4553702.484999999],[353217.53139999975,4553654.5045]]]}},{"type":"Feature","properties":{"cusec":"4314804012","mundissec":"43148204012","municipi_ine":"43148","pv_n":0,"pv_known_n":0,"pv_kw":0.0,"pv_edifici_n":0,"pv_edifici_known_n":0,"pv_edifici_kw":0.0,"buildings_n":28,"functional_n":28,"date_interval_n":0,"age_exact_n":28,"age_median_exact":59.0,"age_median_min":59.0,"age_median_max":59.0,"age_exact_fraction":1.0,"pv_known_fraction":null,"kw_per_100_buildings":0.0,"association_sample":false,"moran_sample":true,"moran_i":0.7629928838379444,"moran_p_sim":0.0896,"moran_quadrant":"LL","moran_fdr":false,"moran_z":-1.8957416166236878,"moran_lag":-0.40517844558142047,"neighbors":["4314806012","4314804002","4314804003","4314807001","4314804006","4314804008","4314804010","4314805002","4314807014","4314806008"]},"geometry":{"type":"Polygon","coordinates":[[[352699.9291000003,4553460.848099999],[352746.4190999996,4553446.0778],[353084.45880000014,4553343.475],[353018.1079000002,4553242.4454],[352699.9291000003,4553460.848099999]]]}},{"type":"Feature","properties":{"cusec":"4314804014","mundissec":"43148204014","municipi_ine":"43148","pv_n":0,"pv_known_n":0,"pv_kw":0.0,"pv_edifici_n":0,"pv_edifici_known_n":0,"pv_edifici_kw":0.0,"buildings_n":20,"functional_n":20,"date_interval_n":0,"age_exact_n":20,"age_median_exact":51.5,"age_median_min":51.5,"age_median_max":51.5,"age_exact_fraction":1.0,"pv_known_fraction":null,"kw_per_100_buildings":0.0,"association_sample":false,"moran_sample":true,"moran_i":-0.34053298597648474,"moran_p_sim":0.3759,"moran_quadrant":"LH","moran_fdr":false,"moran_z":-1.8957416166236878,"moran_lag":0.18083605869705233,"neighbors":["4314804004","4314804007","4314804010","4314804015","4314804016"]},"geometry":{"type":"Polygon","coordinates":[[[353343.1327999998,4553818.073799999],[353415.6127000004,4553782.6632],[353283.93099999987,4553590.6039],[353219.23139999993,4553652.874500001],[353274.4528000001,4553827.4144],[353343.1327999998,4553818.073799999]]]}},{"type":"Feature","properties":{"cusec":"4314804015","mundissec":"43148204015","municipi_ine":"43148","pv_n":7,"pv_known_n":5,"pv_kw":115.0,"pv_edifici_n":7,"pv_edifici_known_n":5,"pv_edifici_kw":115.0,"buildings_n":120,"functional_n":75,"date_interval_n":7,"age_exact_n":68,"age_median_exact":66.0,"age_median_min":66.0,"age_median_max":66.0,"age_exact_fraction":0.9066666666666666,"pv_known_fraction":0.7142857142857143,"kw_per_100_buildings":153.33333333333334,"association_sample":true,"moran_sample":true,"moran_i":0.10693577175505795,"moran_p_sim":0.3326,"moran_quadrant":"HH","moran_fdr":false,"moran_z":0.8423015792175313,"moran_lag":0.12780869008744677,"neighbors":["4314803003","4314804004","4314804007","4314804009","4314807007","4314804014","4314804016","4314807020","4314801001","4314802001","4314803001"]},"geometry":{"type":"Polygon","coordinates":[[[353367.2651000004,4554120.3741],[353391.2806000002,4554076.580700001],[353462.01219999976,4554061.2859000005],[353510.76269999985,4553929.374399999],[353662.0242999997,4553942.2916],[353772.63439999986,4553941.6708],[353860.2544999998,4553931.6601],[354057.7745000003,4553891.478499999],[354124.99459999986,4553889.038000001],[354193.62480000034,4553899.8375],[354235.33860000037,4553864.1239],[354388.50019999966,4553841.4933],[354498.9386,4553792.715],[354242.57320000045,4553819.1647],[354088.3197999997,4553783.4749],[354050.46499999985,4553793.0802],[354021.6501000002,4553790.8204],[353966.2801000001,4553769.915899999],[353930.6849999996,4553739.9713],[353909.78000000026,4553710.591600001],[353854.4101999998,4553717.937000001],[353806.9502999997,4553700.4224],[353834.0700000003,4553672.737400001],[353945.9391999999,4553633.751700001],[354000.7444000002,4553688.556],[354034.07930000033,4553682.3408],[354055.38879999984,4553627.0781],[354056.81850000005,4553594.188100001],[354048.2483999999,4553575.598099999],[353996.47169999965,4553528.976199999],[353990.19820000045,4553529.476299999],[353976.0820000004,4553585.068700001],[353921.7418999998,4553579.349099999],[353843.9614000004,4553593.228800001],[353837.3718999997,4553602.239700001],[353828.7918999996,4553595.0898],[353758.90020000003,4553616.200200001],[353732.2810000004,4553595.6294],[353734.6727999998,4553590.301899999],[353674.7496999996,4553555.819399999],[353647.1813000003,4553556.461100001],[353644.3211000003,4553527.8511],[353582.84059999976,4553483.501499999],[353562.82070000004,4553490.6515999995],[353542.8004999999,4553472.061799999],[353538.5103000002,4553444.8718],[353481.1398,4553387.232100001],[353392.7803999996,4553485.8529],[353604.9919999996,4553653.3616],[353484.68209999986,4553698.4726],[353495.6924999999,4553743.8325],[353343.1327999998,4553818.073799999],[353274.4528000001,4553827.4144],[353367.2651000004,4554120.3741]]]}},{"type":"Feature","properties":{"cusec":"4314804016","mundissec":"43148204016","municipi_ine":"43148","pv_n":3,"pv_known_n":3,"pv_kw":206.0,"pv_edifici_n":3,"pv_edifici_known_n":3,"pv_edifici_kw":206.0,"buildings_n":14,"functional_n":14,"date_interval_n":2,"age_exact_n":12,"age_median_exact":45.0,"age_median_min":45.0,"age_median_max":45.0,"age_exact_fraction":0.8571428571428571,"pv_known_fraction":1.0,"kw_per_100_buildings":1471.4285714285713,"association_sample":true,"moran_sample":true,"moran_i":-1.054237420657766,"moran_p_sim":0.0682,"moran_quadrant":"HL","moran_fdr":false,"moran_z":2.06787463835522,"moran_lag":-0.5132384816289053,"neighbors":["4314804004","4314807001","4314804005","4314804006","4314804008","4314804009","4314804010","4314804014","4314804015"]},"geometry":{"type":"Polygon","coordinates":[[[352976.63740000036,4554038.5754],[353116.78550000023,4554004.3169],[353307.0971999997,4553930.667199999],[353219.23139999993,4553652.874500001],[353070.6520999996,4553784.115800001],[352963.7348999996,4553859.274700001],[352945.1749999998,4553852.063999999],[352886.43149999995,4553742.4672],[352798.48039999977,4553614.377599999],[352717.0815000003,4553768.7085],[352707.1349999998,4553873.459000001],[352716.9276999999,4553912.6722],[352818.69269999955,4553915.778899999],[352853.3959999997,4553911.329700001],[352929.0314999996,4553882.8552],[352957.1470999997,4553887.284600001],[352976.63740000036,4554038.5754]]]}},{"type":"Feature","properties":{"cusec":"4314805001","mundissec":"43148205001","municipi_ine":"43148","pv_n":4,"pv_known_n":3,"pv_kw":24.0,"pv_edifici_n":4,"pv_edifici_known_n":3,"pv_edifici_kw":24.0,"buildings_n":95,"functional_n":95,"date_interval_n":2,"age_exact_n":93,"age_median_exact":93.0,"age_median_min":93.0,"age_median_max":93.0,"age_exact_fraction":0.9789473684210527,"pv_known_fraction":0.75,"kw_per_100_buildings":25.263157894736842,"association_sample":true,"moran_sample":true,"moran_i":0.019175036385068168,"moran_p_sim":0.3294,"moran_quadrant":"LL","moran_fdr":false,"moran_z":-0.11995694947386325,"moran_lag":-0.16092213072354777,"neighbors":["4314804001","4314804002","4314805002","4314805003","4314805005","4314803002"]},"geometry":{"type":"Polygon","coordinates":[[[353293.1370000001,4553060.618000001],[353620.98759999964,4552843.006999999],[353475.70019999985,4552715.4823],[353197.6327999998,4552920.612299999],[353293.1370000001,4553060.618000001]]]}},{"type":"Feature","properties":{"cusec":"4314805002","mundissec":"43148205002","municipi_ine":"43148","pv_n":0,"pv_known_n":0,"pv_kw":0.0,"pv_edifici_n":0,"pv_edifici_known_n":0,"pv_edifici_kw":0.0,"buildings_n":105,"functional_n":98,"date_interval_n":5,"age_exact_n":93,"age_median_exact":86.0,"age_median_min":84.5,"age_median_max":90.5,"age_exact_fraction":0.9489795918367347,"pv_known_fraction":null,"kw_per_100_buildings":0.0,"association_sample":false,"moran_sample":true,"moran_i":0.5448707834856218,"moran_p_sim":0.2113,"moran_quadrant":"LL","moran_fdr":false,"moran_z":-1.8957416166236878,"moran_lag":-0.28934725575019293,"neighbors":["4314804001","4314804002","4314804012","4314805001","4314805003","4314805005","4314806008"]},"geometry":{"type":"Polygon","coordinates":[[[353018.1079000002,4553242.4454],[353293.1370000001,4553060.618000001],[353197.6327999998,4552920.612299999],[353075.1763000004,4553014.3046],[352926.2167999996,4553106.9958999995],[353018.1079000002,4553242.4454]]]}},{"type":"Feature","properties":{"cusec":"4314805003","mundissec":"43148205003","municipi_ine":"43148","pv_n":4,"pv_known_n":3,"pv_kw":32.0,"pv_edifici_n":4,"pv_edifici_known_n":3,"pv_edifici_kw":32.0,"buildings_n":128,"functional_n":127,"date_interval_n":6,"age_exact_n":121,"age_median_exact":81.0,"age_median_min":80.0,"age_median_max":81.0,"age_exact_fraction":0.952755905511811,"pv_known_fraction":0.75,"kw_per_100_buildings":25.19685039370079,"association_sample":true,"moran_sample":true,"moran_i":0.08931273973337751,"moran_p_sim":0.0217,"moran_quadrant":"LL","moran_fdr":false,"moran_z":-0.12133051878377712,"moran_lag":-0.74105142708766,"neighbors":["4314806011","4314805001","4314805002","4314805004","4314805005","4314805006","4314805008","4314806008"]},"geometry":{"type":"Polygon","coordinates":[[[352926.2167999996,4553106.9958999995],[353075.1763000004,4553014.3046],[353197.6327999998,4552920.612299999],[353106.97449999955,4552775.914000001],[352913.4656999996,4552812.968599999],[352973.0652999999,4552898.385199999],[352859.6255000001,4552949.586100001],[352847.8057000004,4552986.406300001],[352926.2167999996,4553106.9958999995]]]}},{"type":"Feature","properties":{"cusec":"4314805004","mundissec":"43148205004","municipi_ine":"43148","pv_n":1,"pv_known_n":1,"pv_kw":4.0,"pv_edifici_n":1,"pv_edifici_known_n":1,"pv_edifici_kw":4.0,"buildings_n":35,"functional_n":35,"date_interval_n":2,"age_exact_n":33,"age_median_exact":53.0,"age_median_min":53.0,"age_median_max":55.0,"age_exact_fraction":0.9428571428571428,"pv_known_fraction":1.0,"kw_per_100_buildings":11.428571428571429,"association_sample":true,"moran_sample":true,"moran_i":0.5713673697789325,"moran_p_sim":0.0186,"moran_quadrant":"LL","moran_fdr":false,"moran_z":-0.5264806223025059,"moran_lag":-1.0925417304010838,"neighbors":["4314806011","4314805003","4314805008","4314806009"]},"geometry":{"type":"Polygon","coordinates":[[[352643.4556,4553005.197899999],[352859.6255000001,4552949.586100001],[352749.46470000036,4552864.3068],[352729.11230000015,4552859.5023],[352702.0016000001,4552837.605599999],[352701.4802000001,4552823.0075],[352716.5398000004,4552815.089299999],[352676.7647000002,4552668.1733],[352561.85089999996,4552698.5309999995],[352643.4556,4553005.197899999]]]}},{"type":"Feature","properties":{"cusec":"4314805005","mundissec":"43148205005","municipi_ine":"43148","pv_n":3,"pv_known_n":3,"pv_kw":29.0,"pv_edifici_n":3,"pv_edifici_known_n":3,"pv_edifici_kw":29.0,"buildings_n":106,"functional_n":94,"date_interval_n":5,"age_exact_n":89,"age_median_exact":57.0,"age_median_min":56.5,"age_median_max":59.0,"age_exact_fraction":0.9468085106382979,"pv_known_fraction":1.0,"kw_per_100_buildings":30.851063829787233,"association_sample":true,"moran_sample":true,"moran_i":0.0036256474629887273,"moran_p_sim":0.271,"moran_quadrant":"LL","moran_fdr":false,"moran_z":-0.015141204035851744,"moran_lag":-0.2410627753774267,"neighbors":["4314805001","4314805002","4314805003","4314805006","4314805007","4314803002"]},"geometry":{"type":"Polygon","coordinates":[[[353197.6327999998,4552920.612299999],[353475.70019999985,4552715.4823],[353453.83550000004,4552713.7368],[353281.0684000002,4552583.939300001],[353039.0828,4552646.9474],[353084.4749999996,4552746.0659],[353197.6327999998,4552920.612299999]]]}},{"type":"Feature","properties":{"cusec":"4314805006","mundissec":"43148205006","municipi_ine":"43148","pv_n":2,"pv_known_n":2,"pv_kw":4.0,"pv_edifici_n":2,"pv_edifici_known_n":2,"pv_edifici_kw":4.0,"buildings_n":62,"functional_n":56,"date_interval_n":2,"age_exact_n":54,"age_median_exact":57.0,"age_median_min":55.0,"age_median_max":57.0,"age_exact_fraction":0.9642857142857143,"pv_known_fraction":1.0,"kw_per_100_buildings":7.142857142857143,"association_sample":true,"moran_sample":true,"moran_i":-0.0328430469893053,"moran_p_sim":0.4929,"moran_quadrant":"LH","moran_fdr":false,"moran_z":-0.7562432645721882,"moran_lag":0.043720680464064604,"neighbors":["4314805003","4314805005","4314805007","4314805008"]},"geometry":{"type":"Polygon","coordinates":[[[353106.97449999955,4552775.914000001],[353078.7363,4552734.806600001],[353003.1928000003,4552560.7544],[352890.0268000001,4552610.7951],[352781.41229999997,4552641.1053],[352813.2616999997,4552770.024900001],[352850.8080000002,4552764.4363],[352866.51410000026,4552770.7458],[352913.4656999996,4552812.968599999],[353106.97449999955,4552775.914000001]]]}},{"type":"Feature","properties":{"cusec":"4314805007","mundissec":"43148205007","municipi_ine":"43148","pv_n":5,"pv_known_n":4,"pv_kw":99.0,"pv_edifici_n":5,"pv_edifici_known_n":4,"pv_edifici_kw":99.0,"buildings_n":81,"functional_n":74,"date_interval_n":14,"age_exact_n":60,"age_median_exact":62.0,"age_median_min":40.0,"age_median_max":62.0,"age_exact_fraction":0.8108108108108109,"pv_known_fraction":0.8,"kw_per_100_buildings":133.78378378378378,"association_sample":true,"moran_sample":true,"moran_i":-0.023721055380570524,"moran_p_sim":0.4508,"moran_quadrant":"HL","moran_fdr":false,"moran_z":0.7687076142490693,"moran_lag":-0.031065461889384416,"neighbors":["4314805005","4314805006","4314803002"]},"geometry":{"type":"Polygon","coordinates":[[[353281.0684000002,4552583.939300001],[353238.8047000002,4552550.0769],[353409.70999999996,4552346.3100000005],[353419.1299999999,4552321.550000001],[353412.4400000004,4552293.029999999],[353262.79000000004,4552049.470000001],[353166.21999999974,4551955.42],[353149.71999999974,4551956.3100000005],[353146.9900000002,4551974.01],[353201.2599999998,4552013.1],[353245.1200000001,4552059.73],[353228.6699999999,4552095.41],[353244.3200000003,4552107.460000001],[353261.7555999998,4552096.090299999],[353373.6500000004,4552282.255799999],[353262.99010000005,4552369.0408],[353133.29860000033,4552189.668199999],[353201.5599999996,4552140.25],[353211.41000000015,4552147.65],[353185.04000000004,4552110.609999999],[353172.21999999974,4552119.74],[353168.71999999974,4552114.83],[353180.6699999999,4552106.32],[353170.04000000004,4552108.6899999995],[353171.2237999998,4552093.2533],[353163.94909999985,4552089.726199999],[353172.78000000026,4552053.34],[353163.45999999996,4552056.0600000005],[353146.66000000015,4552098.18],[353079.54000000004,4552147.02],[353060.9299999997,4552142.07],[352883.0099999998,4551873.630000001],[352884.78000000026,4551808.4399999995],[352846.8700000001,4551764.82],[352795.4000000004,4551495.41],[352777.3300000001,4551449.289999999],[352735.3700000001,4551391.460000001],[352661.5999999996,4551335.65],[351605.7599999998,4550839.529999999],[351534.28000000026,4550796.16],[351487.36000000034,4550737.07],[351029.1200000001,4549974.619999999],[350996.51999999955,4549954.68],[350819.0,4549786.539999999],[350803.95999999996,4549781.1899999995],[350596.98000000045,4549597.93],[350516.4199999999,4549514.390000001],[350467.5,4549488.9],[350455.54000000004,4549498.970000001],[349926.66000000015,4549027.279999999],[349899.4900000002,4549057.98],[349920.48000000045,4549076.529999999],[349931.29000000004,4549063.970000001],[350449.9634999996,4549525.3708],[350420.4676999999,4549556.648399999],[350322.58299999963,4549621.7805],[350309.1886,4549608.720899999],[350294.6727999998,4549618.544500001],[350550.1880999999,4549998.2292],[350566.2784000002,4549990.246099999],[350417.27880000044,4549769.7545],[350568.4195999997,4549672.4888],[350602.1568999998,4549662.0274],[350857.8953999998,4549885.9121],[350860.22750000004,4549911.0108],[350902.36620000005,4549947.700999999],[350894.16700000037,4550025.1324000005],[350929.5482999999,4550093.5416],[350956.7577999998,4550104.436899999],[350968.3371000001,4550099.7651],[350984.28000000026,4550196.98],[350804.38999999966,4550303.359999999],[350795.41000000015,4550316.08],[350797.4500000002,4550331.5],[350812.7400000002,4550341.039999999],[350831.1719000004,4550339.7336],[350831.25,4550317.34],[350838.9709999999,4550320.218599999],[350843.33609999996,4550309.5374],[350849.4687000001,4550313.6632],[350851.3203999996,4550304.9168],[350860.1942999996,4550307.343699999],[350865.14580000006,4550299.434699999],[350878.7832000004,4550316.6709],[350875.5071999999,4550325.102299999],[350880.96520000044,4550322.0603],[350893.3543999996,4550341.192],[350878.8245000001,4550350.021299999],[350887.92679999955,4550365.0858],[350926.96999999974,4550343.6899999995],[351274.03000000026,4550921.0],[351383.5599999996,4550854.640000001],[351671.2400000002,4551338.1],[352635.2599999998,4551800.49],[352621.5800000001,4551827.6899999995],[352648.91000000015,4551841.4399999995],[352576.11000000034,4551993.890000001],[352586.3822999997,4552016.6229],[352553.26960000023,4552028.932],[352546.45999999996,4552015.369999999],[352534.3099999996,4552015.220000001],[352542.29000000004,4551988.6899999995],[352535.25,4551988.24],[352529.3499999996,4552020.0],[352548.75,4552060.92],[352561.6699999999,4552053.74],[352556.4154000003,4552039.544],[352591.1919999998,4552027.266100001],[352653.76999999955,4552165.23],[352669.5700000003,4552158.050000001],[352629.1799999997,4552069.16],[352817.66000000015,4551983.51],[352827.8700000001,4552005.869999999],[352850.3300000001,4551996.9399999995],[352985.36000000034,4552294.52],[352969.70999999996,4552320.710000001],[352923.16500000004,4552332.739600001],[352953.6094000004,4552460.6041],[353039.0828,4552646.9474],[353281.0684000002,4552583.939300001]]]}},{"type":"Feature","properties":{"cusec":"4314805008","mundissec":"43148205008","municipi_ine":"43148","pv_n":4,"pv_known_n":3,"pv_kw":8.0,"pv_edifici_n":4,"pv_edifici_known_n":3,"pv_edifici_kw":8.0,"buildings_n":65,"functional_n":61,"date_interval_n":4,"age_exact_n":57,"age_median_exact":60.0,"age_median_min":61.0,"age_median_max":61.0,"age_exact_fraction":0.9344262295081968,"pv_known_fraction":0.75,"kw_per_100_buildings":13.114754098360656,"association_sample":true,"moran_sample":true,"moran_i":0.37477775548437137,"moran_p_sim":0.061,"moran_quadrant":"LL","moran_fdr":false,"moran_z":-0.45735316957318195,"moran_lag":-0.8249490055705397,"neighbors":["4314806011","4314805003","4314805004","4314805006"]},"geometry":{"type":"Polygon","coordinates":[[[352859.6255000001,4552949.586100001],[352973.0652999999,4552898.385199999],[352913.4656999996,4552812.968599999],[352866.51410000026,4552770.7458],[352850.8080000002,4552764.4363],[352813.2616999997,4552770.024900001],[352781.41229999997,4552641.1053],[352676.7647000002,4552668.1733],[352716.5398000004,4552815.089299999],[352701.4802000001,4552823.0075],[352702.0016000001,4552837.605599999],[352729.11230000015,4552859.5023],[352749.46470000036,4552864.3068],[352859.6255000001,4552949.586100001]]]}},{"type":"Feature","properties":{"cusec":"4314806001","mundissec":"43148206001","municipi_ine":"43148","pv_n":0,"pv_known_n":0,"pv_kw":0.0,"pv_edifici_n":0,"pv_edifici_known_n":0,"pv_edifici_kw":0.0,"buildings_n":19,"functional_n":19,"date_interval_n":0,"age_exact_n":19,"age_median_exact":51.0,"age_median_min":51.0,"age_median_max":51.0,"age_exact_fraction":1.0,"pv_known_fraction":null,"kw_per_100_buildings":0.0,"association_sample":false,"moran_sample":true,"moran_i":1.3596923063919228,"moran_p_sim":0.0596,"moran_quadrant":"LL","moran_fdr":false,"moran_z":-1.8957416166236878,"moran_lag":-0.7220486938249188,"neighbors":["4314806012","4314806013","4314806002","4314806009","4314806010"]},"geometry":{"type":"Polygon","coordinates":[[[352582.8618999999,4553329.4399999995],[352644.97780000046,4553300.0483],[352595.4615000002,4553128.2498],[352250.7695000004,4553142.630999999],[352230.3854,4553242.626],[352582.8618999999,4553329.4399999995]]]}},{"type":"Feature","properties":{"cusec":"4314806002","mundissec":"43148206002","municipi_ine":"43148","pv_n":1,"pv_known_n":1,"pv_kw":17.0,"pv_edifici_n":1,"pv_edifici_known_n":1,"pv_edifici_kw":17.0,"buildings_n":46,"functional_n":41,"date_interval_n":5,"age_exact_n":36,"age_median_exact":29.0,"age_median_min":28.0,"age_median_max":28.0,"age_exact_fraction":0.8780487804878049,"pv_known_fraction":1.0,"kw_per_100_buildings":41.46341463414634,"association_sample":true,"moran_sample":true,"moran_i":0.041730464414162935,"moran_p_sim":0.2395,"moran_quadrant":"HH","moran_fdr":false,"moran_z":0.14111338470898785,"moran_lag":0.2977076535423412,"neighbors":["4314806012","4314806013","4314806015","4314806016","4314806001","4314806004"]},"geometry":{"type":"Polygon","coordinates":[[[351969.74569999985,4553156.3926],[352460.5862999996,4553134.3794],[352357.68759999983,4552809.2311],[352395.0214999998,4552688.336999999],[352466.60419999994,4552670.0166],[352438.73319999967,4552539.520300001],[352054.99590000045,4552547.012700001],[352014.0423999997,4552715.962200001],[351969.7451999998,4553098.063100001],[351969.74569999985,4553156.3926]]]}},{"type":"Feature","properties":{"cusec":"4314806003","mundissec":"43148206003","municipi_ine":"43148","pv_n":3,"pv_known_n":0,"pv_kw":0.0,"pv_edifici_n":3,"pv_edifici_known_n":0,"pv_edifici_kw":0.0,"buildings_n":140,"functional_n":132,"date_interval_n":6,"age_exact_n":126,"age_median_exact":74.0,"age_median_min":74.0,"age_median_max":74.0,"age_exact_fraction":0.9545454545454546,"pv_known_fraction":0.0,"kw_per_100_buildings":0.0,"association_sample":false,"moran_sample":false},"geometry":{"type":"Polygon","coordinates":[[[352481.46690000035,4552722.5186],[352862.32799999975,4552620.015900001],[353003.1928000003,4552560.7544],[352953.6094000004,4552460.6041],[352923.16500000004,4552332.739600001],[352509.7000000002,4552438.210000001],[352487.36000000034,4552350.91],[352470.9500000002,4552355.27],[352494.3300000001,4552442.65],[352472.04000000004,4552448.449999999],[352463.71999999974,4552441.789999999],[352441.9502999997,4552492.4925999995],[352438.73319999967,4552539.520300001],[352447.4007000001,4552593.5372],[352481.46690000035,4552722.5186]]]}},{"type":"Feature","properties":{"cusec":"4314806004","mundissec":"43148206004","municipi_ine":"43148","pv_n":6,"pv_known_n":6,"pv_kw":805.0,"pv_edifici_n":6,"pv_edifici_known_n":6,"pv_edifici_kw":805.0,"buildings_n":192,"functional_n":152,"date_interval_n":14,"age_exact_n":138,"age_median_exact":54.0,"age_median_min":45.5,"age_median_max":50.0,"age_exact_fraction":0.9078947368421053,"pv_known_fraction":1.0,"kw_per_100_buildings":529.6052631578947,"association_sample":true,"moran_sample":true,"moran_i":1.2833099676853341,"moran_p_sim":0.0884,"moran_quadrant":"HH","moran_fdr":false,"moran_z":1.5132962964574066,"moran_lag":0.8537143646520288,"neighbors":["4314806002","4314806015"]},"geometry":{"type":"MultiPolygon","coordinates":[[[[351127.74370000046,4551596.657400001],[351118.9400000004,4551594.73],[351113.96999999974,4551615.866800001],[351123.1699999999,4551617.960000001],[351127.74370000046,4551596.657400001]]],[[[351109.8499999996,4551647.050000001],[351101.9199999999,4551667.6899999995],[351111.33999999985,4551669.710000001],[351115.96999999974,4551648.130000001],[351109.8499999996,4551647.050000001]]],[[[351081.34389999975,4551797.3927],[351071.20999999996,4551794.4399999995],[351065.6799999997,4551817.6],[351076.0599999996,4551820.109999999],[351081.34389999975,4551797.3927]]],[[[351065.70999999996,4551835.17],[351056.71999999974,4551856.58],[351066.7599999998,4551859.09],[351072.2599999998,4551837.0600000005],[351065.70999999996,4551835.17]]],[[[352246.38999999966,4552323.539999999],[352195.8200000003,4552187.050000001],[352166.6200000001,4552197.6899999995],[352163.71999999974,4552189.1],[352192.6299999999,4552178.57],[352186.3499999996,4552161.119999999],[352436.48000000045,4552112.83],[352425.44739999995,4552088.9067],[352456.0992999999,4552075.965399999],[352462.91000000015,4552091.08],[352477.4900000002,4552086.02],[352464.5832000002,4552045.2634],[352438.9299999997,4552023.48],[352433.4299999997,4552028.84],[352456.8200000003,4552044.119999999],[352448.33999999985,4552051.779999999],[352452.6492999997,4552066.0108],[352420.2279000003,4552077.578199999],[352402.0599999996,4552037.25],[352383.51999999955,4552046.199999999],[352332.4199999999,4551934.92],[352015.33999999985,4552080.52],[351995.9589999998,4552070.2206],[352002.43429999985,4552076.191400001],[351983.42349999957,4552084.7996],[351969.1799999997,4552051.460000001],[351913.36000000034,4552029.48],[351966.26999999955,4551801.710000001],[351995.53000000026,4551808.220000001],[352002.9000000004,4551775.1],[351375.41000000015,4551472.9],[351362.25,4551480.4399999995],[351247.98000000045,4551964.279999999],[351222.95999999996,4551957.869999999],[351209.6299999999,4551997.890000001],[351184.8300000001,4552012.48],[351027.58999999985,4551957.869999999],[351018.58999999985,4551931.380000001],[351018.8499999996,4551887.949999999],[351035.51999999955,4551813.9399999995],[351058.12509999983,4551807.196699999],[351058.8799999999,4551792.529999999],[351044.16000000015,4551780.59],[351082.96999999974,4551617.140000001],[351103.9642000003,4551604.789999999],[351103.48000000045,4551593.5600000005],[351089.28000000026,4551586.02],[351117.6299999999,4551466.460000001],[351148.7599999998,4551466.630000001],[351146.0700000003,4551479.67],[351154.7400000002,4551481.68],[351192.2483999999,4551322.113299999],[350742.6648000004,4550949.241699999],[350552.85589999985,4551270.5328],[350670.46559999976,4551531.7094],[350657.89389999956,4551537.2476],[350660.5691999998,4551543.5605999995],[350544.4852,4551583.8725000005],[350745.99739999976,4551909.2555],[350782.6606999999,4551956.9574],[350822.8722000001,4551986.524599999],[350903.7207000004,4552021.384099999],[351386.6210000003,4552179.6973],[351497.39969999995,4552200.1972],[351738.70880000014,4552218.4219],[351795.1174999997,4552229.8618],[351882.4495000001,4552263.6437],[351968.04789999966,4552318.5559],[352025.19629999995,4552377.667099999],[352042.9335000003,4552410.390699999],[352050.858,4552447.816500001],[352054.99590000045,4552547.012700001],[352438.73319999967,4552539.520300001],[352441.9502999997,4552492.4925999995],[352463.71999999974,4552441.789999999],[352450.4900000002,4552402.609999999],[352246.38999999966,4552323.539999999]]]]}},{"type":"Feature","properties":{"cusec":"4314806005","mundissec":"43148206005","municipi_ine":"43148","pv_n":11,"pv_known_n":8,"pv_kw":44.0,"pv_edifici_n":11,"pv_edifici_known_n":8,"pv_edifici_kw":44.0,"buildings_n":61,"functional_n":49,"date_interval_n":5,"age_exact_n":44,"age_median_exact":41.5,"age_median_min":26.0,"age_median_max":29.0,"age_exact_fraction":0.8979591836734694,"pv_known_fraction":0.7272727272727273,"kw_per_100_buildings":89.79591836734694,"association_sample":true,"moran_sample":true,"moran_i":0.3578436401147907,"moran_p_sim":0.0199,"moran_quadrant":"HH","moran_fdr":false,"moran_z":0.5540499382397314,"moran_lag":0.6502036196012931,"neighbors":["4314808006","4314806012","4314806015","4314807002","4314808014","4314807017","4314806006","4314808003"]},"geometry":{"type":"Polygon","coordinates":[[[350966.5089999996,4555116.3738],[350986.75879999995,4555085.283600001],[351035.97860000003,4555049.543199999],[351073.6180999996,4554978.422800001],[351241.6470999997,4554809.8412999995],[351390.80649999995,4554704.279999999],[351415.4062999999,4554676.559699999],[351440.70600000024,4554626.1095],[351485.6858000001,4554586.2291],[351561.5455,4554556.5419],[351523.10529999994,4554348.4376],[351527.76130000036,4554283.246300001],[351541.7308,4554267.7245000005],[351582.0859000003,4554087.6722],[351622.44159999955,4553980.572000001],[351777.6573000001,4553777.236199999],[351777.6571000004,4553755.505799999],[351839.74349999987,4553690.314099999],[351852.16060000006,4553657.7184],[351875.4422000004,4553518.022700001],[351899.1551000001,4553510.298900001],[351930.2538999999,4553407.4976],[351949.1467000004,4553309.2535999995],[351769.3463000003,4553273.8049],[351742.60699999984,4553383.6753],[351709.73730000015,4553422.285599999],[351659.1074999999,4553455.176000001],[350460.6094000004,4553953.105900001],[350013.3276000004,4554118.389699999],[350081.43649999984,4554314.3016],[350172.27300000004,4554489.638900001],[350256.5931000002,4554482.498199999],[350339.483,4554458.1876],[350434.1824000003,4554363.8167],[350497.01240000036,4554341.826199999],[350465.1420999998,4554289.522500001],[350479.1721000001,4554278.2983],[350594.14169999957,4554239.135299999],[350585.1423000004,4554314.7455],[350644.3532999996,4554431.0152],[350608.07409999985,4554545.8057],[350657.04480000027,4554631.2454],[350621.0153999999,4554710.6658],[350681.95579999965,4554753.215399999],[350818.3870000001,4554882.7346],[350883.34779999964,4554978.794199999],[350887.2980000004,4555002.1543000005],[350879.59839999955,4555054.374399999],[350942.5089999996,4555123.044],[350966.5089999996,4555116.3738]]]}},{"type":"Feature","properties":{"cusec":"4314806006","mundissec":"43148206006","municipi_ine":"43148","pv_n":45,"pv_known_n":42,"pv_kw":1944.0,"pv_edifici_n":45,"pv_edifici_known_n":42,"pv_edifici_kw":1944.0,"buildings_n":196,"functional_n":194,"date_interval_n":18,"age_exact_n":175,"age_median_exact":28.0,"age_median_min":26.0,"age_median_max":27.0,"age_exact_fraction":0.9020618556701031,"pv_known_fraction":0.9333333333333333,"kw_per_100_buildings":1002.0618556701031,"association_sample":true,"moran_sample":true,"moran_i":1.1289145666077438,"moran_p_sim":0.0459,"moran_quadrant":"HH","moran_fdr":false,"moran_z":1.859303446987356,"moran_lag":0.6112456663697318,"neighbors":["4314808006","4314808009","4304701001","4314807002","4304702001","4314806005"]},"geometry":{"type":"Polygon","coordinates":[[[351953.3213999998,4556844.059],[351971.70160000026,4556785.344799999],[352002.7449000003,4556760.5098],[352047.7569000004,4556620.813999999],[352071.0390999997,4556582.009400001],[352080.3519000001,4556549.413799999],[352095.87349999975,4556532.3398],[352100.52969999984,4556498.1919],[352094.32070000004,4556436.105],[352053.9634999996,4556356.944599999],[352036.88879999984,4556245.1883000005],[352002.7401999999,4556148.9539],[351906.5044,4555992.1852],[351847.5208999999,4555875.772700001],[351799.4025999997,4555745.3906],[351779.2237,4555649.156099999],[351752.8361999998,4555580.8607],[351703.16610000003,4555504.8046],[351676.7784000002,4555414.7787999995],[351679.8826000001,4555383.735300001],[351648.83860000037,4555306.127],[351641.0773,4555258.0097],[351651.94180000015,4555166.431399999],[351650.3892999999,4555110.553200001],[351628.65670000017,4554823.4015999995],[351606.92509999964,4554672.841],[351561.5455,4554556.5419],[351504.99569999985,4554573.8489],[351455.35589999985,4554610.919299999],[351398.0965,4554697.139900001],[351241.6470999997,4554809.8412999995],[351073.6180999996,4554978.422800001],[351035.97860000003,4555049.543199999],[350986.75879999995,4555085.283600001],[350966.5089999996,4555116.3738],[350942.5089999996,4555123.044],[350879.59839999955,4555054.374399999],[350887.2980000004,4555002.1543000005],[350883.34779999964,4554978.794199999],[350825.80709999986,4554891.554500001],[350681.95579999965,4554753.215399999],[350621.0153999999,4554710.6658],[350657.04480000027,4554631.2454],[350608.07409999985,4554545.8057],[350644.3532999996,4554431.0152],[350585.1423000004,4554314.7455],[350594.14169999957,4554239.135299999],[350479.1721000001,4554278.2983],[350465.1420999998,4554289.522500001],[350497.01240000036,4554341.826199999],[350434.1824000003,4554363.8167],[350339.483,4554458.1876],[350256.5931000002,4554482.498199999],[350172.27300000004,4554489.638900001],[350081.43649999984,4554314.3016],[350013.3276000004,4554118.389699999],[348148.69689999986,4554882.9759],[348172.0999999996,4554918.300000001],[348328.9000000004,4554995.9],[348691.2999999998,4554720.5],[349310.9000000004,4555245.699999999],[349680.0,4554956.1],[349800.7999999998,4555187.800000001],[349981.7000000002,4555450.0],[350410.0999999996,4555887.4],[350385.7999999998,4555975.800000001],[351126.0,4556473.1],[351308.5999999996,4556311.4],[351953.3213999998,4556844.059]]]}},{"type":"Feature","properties":{"cusec":"4314806008","mundissec":"43148206008","municipi_ine":"43148","pv_n":1,"pv_known_n":1,"pv_kw":15.0,"pv_edifici_n":1,"pv_edifici_known_n":1,"pv_edifici_kw":15.0,"buildings_n":79,"functional_n":78,"date_interval_n":3,"age_exact_n":75,"age_median_exact":66.0,"age_median_min":64.0,"age_median_max":66.0,"age_exact_fraction":0.9615384615384616,"pv_known_fraction":1.0,"kw_per_100_buildings":19.23076923076923,"association_sample":true,"moran_sample":true,"moran_i":0.21986734919752848,"moran_p_sim":0.0155,"moran_quadrant":"LL","moran_fdr":false,"moran_z":-0.26175297349631427,"moran_lag":-0.8456177824238438,"neighbors":["4314806011","4314806012","4314804002","4314804012","4314805002","4314805003","4314806010"]},"geometry":{"type":"Polygon","coordinates":[[[353018.1079000002,4553242.4454],[353004.0577999996,4553227.3155000005],[352847.8057000004,4552986.406300001],[352752.8678000001,4553272.6874],[352894.3883999996,4553324.0165],[353018.1079000002,4553242.4454]]]}},{"type":"Feature","properties":{"cusec":"4314806009","mundissec":"43148206009","municipi_ine":"43148","pv_n":0,"pv_known_n":0,"pv_kw":0.0,"pv_edifici_n":0,"pv_edifici_known_n":0,"pv_edifici_kw":0.0,"buildings_n":51,"functional_n":51,"date_interval_n":1,"age_exact_n":50,"age_median_exact":53.5,"age_median_min":53.0,"age_median_max":53.0,"age_exact_fraction":0.9803921568627451,"pv_known_fraction":null,"kw_per_100_buildings":0.0,"association_sample":false,"moran_sample":true,"moran_i":2.3686921580207043,"moran_p_sim":0.0012,"moran_quadrant":"LL","moran_fdr":false,"moran_z":-1.8957416166236878,"moran_lag":-1.2578662618976322,"neighbors":["4314806011","4314806013","4314806016","4314805004","4314806001","4314806010"]},"geometry":{"type":"Polygon","coordinates":[[[352595.4615000002,4553128.2498],[352700.76659999974,4553124.5076],[352717.7960999999,4553064.0274],[352698.21549999993,4552991.1074],[352643.4556,4553005.197899999],[352561.85089999996,4552698.5309999995],[352481.46690000035,4552722.5186],[352595.4615000002,4553128.2498]]]}},{"type":"Feature","properties":{"cusec":"4314806010","mundissec":"43148206010","municipi_ine":"43148","pv_n":0,"pv_known_n":0,"pv_kw":0.0,"pv_edifici_n":0,"pv_edifici_known_n":0,"pv_edifici_kw":0.0,"buildings_n":27,"functional_n":27,"date_interval_n":0,"age_exact_n":27,"age_median_exact":54.0,"age_median_min":54.0,"age_median_max":54.0,"age_exact_fraction":1.0,"pv_known_fraction":null,"kw_per_100_buildings":0.0,"association_sample":false,"moran_sample":true,"moran_i":1.8544963141374633,"moran_p_sim":0.0092,"moran_quadrant":"LL","moran_fdr":false,"moran_z":-1.8957416166236878,"moran_lag":-0.9848085739922638,"neighbors":["4314806011","4314806012","4314806013","4314806001","4314806008","4314806009"]},"geometry":{"type":"Polygon","coordinates":[[[352752.8678000001,4553272.6874],[352791.70689999964,4553155.346999999],[352693.6564999996,4553122.0977],[352595.4615000002,4553128.2498],[352644.97780000046,4553300.0483],[352752.8678000001,4553272.6874]]]}},{"type":"Feature","properties":{"cusec":"4314806011","mundissec":"43148206011","municipi_ine":"43148","pv_n":0,"pv_known_n":0,"pv_kw":0.0,"pv_edifici_n":0,"pv_edifici_known_n":0,"pv_edifici_kw":0.0,"buildings_n":28,"functional_n":28,"date_interval_n":0,"age_exact_n":28,"age_median_exact":57.0,"age_median_min":57.0,"age_median_max":57.0,"age_exact_fraction":1.0,"pv_known_fraction":null,"kw_per_100_buildings":0.0,"association_sample":false,"moran_sample":true,"moran_i":1.6189668731912161,"moran_p_sim":0.0192,"moran_quadrant":"LL","moran_fdr":false,"moran_z":-1.8957416166236878,"moran_lag":-0.8597334195671924,"neighbors":["4314805003","4314805004","4314805008","4314806008","4314806009","4314806010"]},"geometry":{"type":"Polygon","coordinates":[[[352791.70689999964,4553155.346999999],[352859.6255000001,4552949.586100001],[352698.21549999993,4552991.1074],[352717.7960999999,4553064.0274],[352700.76659999974,4553124.5076],[352791.70689999964,4553155.346999999]]]}},{"type":"Feature","properties":{"cusec":"4314806012","mundissec":"43148206012","municipi_ine":"43148","pv_n":1,"pv_known_n":1,"pv_kw":300.0,"pv_edifici_n":1,"pv_edifici_known_n":1,"pv_edifici_kw":300.0,"buildings_n":27,"functional_n":26,"date_interval_n":1,"age_exact_n":25,"age_median_exact":32.0,"age_median_min":32.0,"age_median_max":32.0,"age_exact_fraction":0.9615384615384616,"pv_known_fraction":1.0,"kw_per_100_buildings":1153.8461538461538,"association_sample":true,"moran_sample":true,"moran_i":-1.4091704681558133,"moran_p_sim":0.0062,"moran_quadrant":"HL","moran_fdr":false,"moran_z":1.9358679960374818,"moran_lag":-0.732812356514031,"neighbors":["4314806015","4314807001","4314804006","4314804012","4314807008","4314807014","4314807017","4314806001","4314806002","4314806005","4314806008","4314806010"]},"geometry":{"type":"Polygon","coordinates":[[[352699.9291000003,4553460.848099999],[352894.3883999996,4553324.0165],[352752.8678000001,4553272.6874],[352637.64109999966,4553298.997300001],[352582.8618999999,4553329.4399999995],[352230.3854,4553242.626],[352250.7695000004,4553142.630999999],[351969.74569999985,4553156.3926],[351949.1467000004,4553309.2535999995],[352699.9291000003,4553460.848099999]]]}},{"type":"Feature","properties":{"cusec":"4314806013","mundissec":"43148206013","municipi_ine":"43148","pv_n":0,"pv_known_n":0,"pv_kw":0.0,"pv_edifici_n":0,"pv_edifici_known_n":0,"pv_edifici_kw":0.0,"buildings_n":16,"functional_n":16,"date_interval_n":0,"age_exact_n":16,"age_median_exact":50.5,"age_median_min":50.5,"age_median_max":50.5,"age_exact_fraction":1.0,"pv_known_fraction":null,"kw_per_100_buildings":0.0,"association_sample":false,"moran_sample":true,"moran_i":1.8770254151637948,"moran_p_sim":0.0177,"moran_quadrant":"LL","moran_fdr":false,"moran_z":-1.8957416166236878,"moran_lag":-0.9967723895501223,"neighbors":["4314806016","4314806001","4314806002","4314806009","4314806010"]},"geometry":{"type":"Polygon","coordinates":[[[352595.4615000002,4553128.2498],[352565.84559999965,4553024.9684999995],[352437.8457000004,4553062.3158],[352460.5862999996,4553134.3794],[352595.4615000002,4553128.2498]]]}},{"type":"Feature","properties":{"cusec":"4314806015","mundissec":"43148206015","municipi_ine":"43148","pv_n":25,"pv_known_n":25,"pv_kw":2371.0,"pv_edifici_n":25,"pv_edifici_known_n":25,"pv_edifici_kw":2371.0,"buildings_n":416,"functional_n":406,"date_interval_n":27,"age_exact_n":379,"age_median_exact":52.0,"age_median_min":52.0,"age_median_max":53.0,"age_exact_fraction":0.9334975369458128,"pv_known_fraction":1.0,"kw_per_100_buildings":583.9901477832512,"association_sample":true,"moran_sample":true,"moran_i":0.34754429025493344,"moran_p_sim":0.1573,"moran_quadrant":"HH","moran_fdr":false,"moran_z":1.5663153445950697,"moran_lag":0.22337571005570322,"neighbors":["4314806012","4314808008","4314808009","4314808010","4317101013","4314808012","4314808013","4314808014","4314808001","4314807017","4390701004","4314806002","4314806004","4314806005","4314808003","4314808005"]},"geometry":{"type":"MultiPolygon","coordinates":[[[[350107.4299999997,4551444.630000001],[350095.73000000045,4551450.59],[350100.69959999993,4551461.809699999],[350112.6299999999,4551456.26],[350107.4299999997,4551444.630000001]]],[[[350740.1889000004,4553838.0035999995],[351659.1074999999,4553455.176000001],[351696.1573000001,4553431.6557],[351742.60699999984,4553383.6753],[351769.3463000003,4553273.8049],[351949.1467000004,4553309.2535999995],[352014.0423999997,4552715.962200001],[352054.99590000045,4552547.012700001],[352054.64470000006,4552481.4234],[352042.9335000003,4552410.390699999],[352025.19629999995,4552377.667099999],[351968.04789999966,4552318.5559],[351839.12430000026,4552243.7335],[351738.70880000014,4552218.4219],[351497.39969999995,4552200.1972],[351386.6210000003,4552179.6973],[351046.4006000003,4552070.889799999],[350822.8722000001,4551986.524599999],[350782.6606999999,4551956.9574],[350745.99739999976,4551909.2555],[350544.4852,4551583.8725000005],[350443.8312999997,4551618.826099999],[350413.7400000002,4551585.4],[350406.08999999985,4551592.220000001],[350428.8499999996,4551618.039999999],[350387.1699999999,4551640.23],[350315.08999999985,4551560.51],[350313.5499999998,4551546.98],[350303.4299999997,4551549.23],[350295.36000000034,4551544.74],[350298.73000000045,4551538.66],[350278.9299999997,4551533.6899999995],[350300.0499999998,4551493.880000001],[350314.51999999955,4551502.369999999],[350319.3300000001,4551494.15],[350181.4299999997,4551413.34],[350176.6299999999,4551422.359999999],[350191.0800000001,4551430.050000001],[350168.6799999997,4551469.65],[350145.25,4551455.58],[350143.0,4551446.82],[350115.33999999985,4551476.82],[350094.53000000026,4551476.07],[350078.70999999996,4551456.68],[350090.70999999996,4551416.32],[350084.1900000004,4551420.34],[350046.16000000015,4551396.949999999],[350034.0109000001,4551377.4958],[350019.98000000045,4551380.880000001],[349908.88999999966,4551323.050000001],[349902.0,4551292.369999999],[350127.1299999999,4550917.460000001],[350185.1900000004,4550844.859999999],[350199.6507000001,4550850.416999999],[350209.0599999996,4550865.66],[350335.70999999996,4550714.33],[350348.04000000004,4550724.65],[350405.8799999999,4550655.550000001],[350393.28000000026,4550645.0],[350470.73000000045,4550552.470000001],[350457.8099999996,4550541.65],[350449.0999999996,4550552.0600000005],[350174.9500000002,4550323.26],[350183.6799999997,4550312.76],[350170.23000000045,4550301.57],[349493.48000000045,4551112.1],[349470.98000000045,4551093.289999999],[349451.8200000003,4551116.23],[349237.03000000026,4550936.75],[349255.1799999997,4550915.039999999],[349231.61000000034,4550895.35],[349390.0700000003,4550705.720000001],[349367.1299999999,4550686.710000001],[349861.1299999999,4550091.98],[349846.7599999998,4550080.07],[349789.03000000026,4550149.73],[349640.2599999998,4550025.880000001],[349653.6200000001,4550010.73],[349641.2142000003,4549995.4682],[349970.3200000003,4550001.83],[349975.95409999974,4549994.611400001],[350004.56209999975,4549995.208799999],[350004.9193000002,4549964.0243999995],[349878.1699999999,4549969.83],[349612.29000000004,4549963.119999999],[349558.6699999999,4549971.220000001],[348735.5099999998,4550757.210000001],[348600.4983999999,4550647.8769000005],[348336.4000000004,4550949.1],[348245.4000000004,4551171.300000001],[348129.5999999996,4551320.6],[348075.7999999998,4551409.5],[347917.02749999985,4551590.931399999],[348235.4287999999,4551697.029200001],[348603.23089999985,4551890.2267],[348694.9313000003,4551929.7261],[348804.1316999998,4551954.825300001],[349074.23220000044,4551975.223300001],[349146.2324999999,4551995.822799999],[349351.73340000026,4552076.021299999],[349483.43369999994,4552088.8204],[349419.0346999997,4552231.721100001],[349053.83389999997,4552193.423800001],[349008.3372999998,4552659.024900001],[348673.33690000046,4552671.327400001],[348631.0398000004,4553065.7283],[349281.60089999996,4553083.9934],[350722.9040999999,4553096.986],[350709.50739999954,4553166.408],[350638.86930000037,4553399.0327],[350632.7801999999,4553458.711300001],[350664.4473000001,4553598.772700001],[350748.48429999966,4553592.682399999],[350754.50129999965,4553641.6055],[350764.24450000003,4553659.696900001],[350759.37129999977,4553743.206599999],[350771.86789999995,4553795.7323],[350725.80869999994,4553814.013599999],[350740.1889000004,4553838.0035999995]]]]}},{"type":"Feature","properties":{"cusec":"4314806016","mundissec":"43148206016","municipi_ine":"43148","pv_n":1,"pv_known_n":1,"pv_kw":31.0,"pv_edifici_n":1,"pv_edifici_known_n":1,"pv_edifici_kw":31.0,"buildings_n":34,"functional_n":34,"date_interval_n":0,"age_exact_n":34,"age_median_exact":29.0,"age_median_min":29.0,"age_median_max":29.0,"age_exact_fraction":1.0,"pv_known_fraction":1.0,"kw_per_100_buildings":91.17647058823529,"association_sample":true,"moran_sample":true,"moran_i":-0.6795786314919918,"moran_p_sim":0.0278,"moran_quadrant":"HL","moran_fdr":false,"moran_z":0.5622495174114645,"moran_lag":-1.2167899495127958,"neighbors":["4314806002","4314806013","4314806009"]},"geometry":{"type":"Polygon","coordinates":[[[352565.84559999965,4553024.9684999995],[352466.60419999994,4552670.0166],[352395.0214999998,4552688.336999999],[352357.68759999983,4552809.2311],[352437.8457000004,4553062.3158],[352565.84559999965,4553024.9684999995]]]}},{"type":"Feature","properties":{"cusec":"4314807001","mundissec":"43148207001","municipi_ine":"43148","pv_n":1,"pv_known_n":1,"pv_kw":5.0,"pv_edifici_n":1,"pv_edifici_known_n":1,"pv_edifici_kw":5.0,"buildings_n":33,"functional_n":27,"date_interval_n":2,"age_exact_n":25,"age_median_exact":56.0,"age_median_min":53.0,"age_median_max":57.0,"age_exact_fraction":0.9259259259259259,"pv_known_fraction":1.0,"kw_per_100_buildings":18.51851851851852,"association_sample":true,"moran_sample":true,"moran_i":-0.04971117658523066,"moran_p_sim":0.3024,"moran_quadrant":"LH","moran_fdr":false,"moran_z":-0.28122746243669433,"moran_lag":0.17795135727228267,"neighbors":["4314806012","4314804006","4314807002","4314807004","4314804009","4314804012","4314804016","4314807014","4314807017"]},"geometry":{"type":"Polygon","coordinates":[[[352427.2372000003,4554319.040200001],[352553.5948999999,4554253.0305],[352691.7291000001,4554136.959100001],[352711.04640000034,4554086.4977],[352718.93099999987,4553956.401799999],[352707.1349999998,4553873.459000001],[352717.0815000003,4553768.7085],[352614.64109999966,4553735.429199999],[352699.9291000003,4553460.848099999],[352334.6412000004,4553701.316299999],[352464.7615,4553824.010500001],[352570.38210000005,4553877.1098],[352427.2372000003,4554319.040200001]]]}},{"type":"Feature","properties":{"cusec":"4314807002","mundissec":"43148207002","municipi_ine":"43148","pv_n":9,"pv_known_n":2,"pv_kw":112.0,"pv_edifici_n":9,"pv_edifici_known_n":2,"pv_edifici_kw":112.0,"buildings_n":181,"functional_n":167,"date_interval_n":18,"age_exact_n":149,"age_median_exact":61.0,"age_median_min":59.0,"age_median_max":62.0,"age_exact_fraction":0.8922155688622755,"pv_known_fraction":0.2222222222222222,"kw_per_100_buildings":67.06586826347305,"association_sample":true,"moran_sample":true,"moran_i":0.20917413984549724,"moran_p_sim":0.025,"moran_quadrant":"HH","moran_fdr":false,"moran_z":0.39748761595017684,"moran_lag":0.5297724625449609,"neighbors":["4314807001","4304701001","4314807003","4314807004","4314807012","4314807014","4314807017","4314807018","4314807021","4314806005","4314806006"]},"geometry":{"type":"Polygon","coordinates":[[[352131.23560000025,4557063.1296999995],[352293.6925999997,4557062.0164],[352285.3984000003,4556765.3444],[352223.0357999997,4555762.9153],[352189.41500000004,4555657.3354],[352105.60369999986,4555507.0758],[352093.33330000006,4555456.365800001],[352092.41750000045,4555398.149599999],[352114.7368000001,4555274.6315],[352570.38210000005,4553877.1098],[352464.7615,4553824.010500001],[352334.6412000004,4553701.316299999],[351825.77660000045,4554031.792099999],[351808.7022000002,4553969.705399999],[351807.1496000001,4553921.5879999995],[351734.30869999994,4553839.4727],[351622.44159999955,4553980.572000001],[351611.57660000026,4554005.4068],[351569.66889999993,4554134.237400001],[351541.7308,4554267.7245000005],[351527.76130000036,4554283.246300001],[351523.10529999994,4554348.4376],[351533.97080000024,4554384.137499999],[351552.5979000004,4554530.0415],[351606.92509999964,4554672.841],[351628.65670000017,4554823.4015999995],[351650.3892999999,4555110.553200001],[351651.94180000015,4555166.431399999],[351641.0773,4555258.0097],[351648.83860000037,4555306.127],[351679.8826000001,4555383.735300001],[351676.7784000002,4555414.7787999995],[351703.16610000003,4555504.8046],[351752.8361999998,4555580.8607],[351779.2237,4555649.156099999],[351799.4025999997,4555745.3906],[351847.5208999999,4555875.772700001],[351906.5044,4555992.1852],[352002.7401999999,4556148.9539],[352036.88879999984,4556245.1883000005],[352053.9634999996,4556356.944599999],[352094.32070000004,4556436.105],[352100.52969999984,4556498.1919],[352095.87349999975,4556532.3398],[352080.3519000001,4556549.413799999],[352071.0390999997,4556582.009400001],[352047.7569000004,4556620.813999999],[352002.7449000003,4556760.5098],[351971.70160000026,4556785.344799999],[351953.3213999998,4556844.059],[352152.5999999996,4557008.699999999],[352131.23560000025,4557063.1296999995]]]}},{"type":"Feature","properties":{"cusec":"4314807003","mundissec":"43148207003","municipi_ine":"43148","pv_n":33,"pv_known_n":28,"pv_kw":188.0,"pv_edifici_n":33,"pv_edifici_known_n":28,"pv_edifici_kw":188.0,"buildings_n":230,"functional_n":226,"date_interval_n":48,"age_exact_n":178,"age_median_exact":46.0,"age_median_min":35.5,"age_median_max":46.0,"age_exact_fraction":0.7876106194690266,"pv_known_fraction":0.8484848484848485,"kw_per_100_buildings":83.1858407079646,"association_sample":true,"moran_sample":true,"moran_i":0.008593356883199248,"moran_p_sim":0.4816,"moran_quadrant":"HH","moran_fdr":false,"moran_z":0.512978819362874,"moran_lag":0.016864303345063614,"neighbors":["4304301002","4314807002","4314807007","4314807010","4310001001","4310001003","4314807011","4314807015","4314807018","4314807019","4314807021","4314807022"]},"geometry":{"type":"Polygon","coordinates":[[[353955.4369999999,4557915.1456],[353978.94379999954,4557901.4398],[354099.7034999998,4557913.4772],[354212.18659999967,4557893.161599999],[354254.6966000004,4557849.898499999],[354291.7522,4557864.0057],[354394.83050000016,4557862.8763],[354739.2401999999,4557901.0578000005],[354811.0939999996,4557896.354800001],[354944.0,4557863.9],[354956.5,4557726.4],[354939.7999999998,4557195.9],[355106.5999999996,4557049.300000001],[355109.70600000024,4557036.1873],[355206.0728000002,4556944.3697999995],[355236.4802000001,4556906.695599999],[355347.0745000001,4556726.148800001],[355469.8064000001,4556636.3969],[355456.0290999999,4556605.266799999],[355444.9101,4556498.2553],[355422.3342000004,4556379.9998],[355402.6030000001,4556329.1822999995],[355381.61670000013,4556308.986400001],[355259.95830000006,4556248.234099999],[355174.02520000003,4556217.0908],[354999.5349000003,4556183.8967],[354921.51609999966,4556175.738399999],[354868.21160000004,4556190.881100001],[354857.0848000003,4556166.604800001],[354812.41889999993,4556115.7073],[354688.8091000002,4556009.7577],[354605.7101999996,4555947.4344],[354531.95999999996,4555903.8083],[354441.59020000044,4555884.073100001],[354256.4899000004,4555878.100099999],[354155.9389000004,4555856.0295],[354081.1503999997,4555867.4561],[354031.8822999997,4555830.989600001],[353986.62509999983,4555764.622400001],[353986.62519999966,4555783.319700001],[353971.0444,4555793.7071],[353809.9056000002,4555789.1043],[353795.81099999975,4555780.4637],[353657.14690000005,4555603.294199999],[353607.43709999975,4555651.954700001],[353531.85639999993,4555573.3851],[353478.6867000004,4555623.3356],[353404.7265999997,4555801.0604],[353398.17119999975,4555852.569399999],[353388.33779999986,4555861.934800001],[353367.2659,4555859.125399999],[353344.3206000002,4555807.616599999],[353266.32820000034,4555748.0176],[353218.35720000044,4555747.6797],[353181.13740000036,4555766.448100001],[353130.30840000045,4555834.139799999],[353095.3317999998,4555846.3412999995],[353057.10720000044,4555852.0342],[352991.27249999996,4555829.453199999],[352963.0832000002,4555839.114399999],[352917.8333999999,4555832.5778],[352863.20859999955,4555993.300799999],[352838.88879999984,4556031.9410999995],[352747.77830000035,4556265.134500001],[352651.8602,4556551.8303],[352595.3635999998,4556508.1752],[352572.9921000004,4556502.8049],[352420.1314000003,4556498.0252],[352380.88999999966,4556474.9932],[352361.7821000004,4556474.285499999],[352325.9029000001,4556515.1833],[352315.7030999996,4556513.226600001],[352301.7235000003,4556487.744200001],[352268.2949000001,4556478.347999999],[352285.3984000003,4556765.3444],[352313.86849999987,4556773.795399999],[352335.1568999998,4556795.478],[352354.47420000006,4556801.785700001],[352468.80090000015,4556818.3434],[352503.8872999996,4556833.7183],[352522.41610000003,4556914.535499999],[352515.7142000003,4557004.814099999],[352535.8200000003,4557069.4679000005],[352636.7428000001,4557212.967599999],[352752.64639999997,4557359.621099999],[352855.9347000001,4557469.217],[352984.0593999997,4557651.351299999],[353096.41500000004,4557741.629899999],[353135.83800000045,4557784.995200001],[353142.7615,4557835.5986],[353718.7999999998,4557793.300000001],[353955.4369999999,4557915.1456]]]}},{"type":"Feature","properties":{"cusec":"4314807004","mundissec":"43148207004","municipi_ine":"43148","pv_n":11,"pv_known_n":11,"pv_kw":122.0,"pv_edifici_n":11,"pv_edifici_known_n":11,"pv_edifici_kw":122.0,"buildings_n":83,"functional_n":58,"date_interval_n":4,"age_exact_n":54,"age_median_exact":30.5,"age_median_min":28.0,"age_median_max":31.5,"age_exact_fraction":0.9310344827586207,"pv_known_fraction":1.0,"kw_per_100_buildings":210.3448275862069,"association_sample":true,"moran_sample":true,"moran_i":0.2523661911800938,"moran_p_sim":0.2555,"moran_quadrant":"HH","moran_fdr":false,"moran_z":1.0131204425666265,"moran_lag":0.2507697143719394,"neighbors":["4314807001","4314807002","4314804009","4314807007","4314807011","4314807018","4314807019"]},"geometry":{"type":"MultiPolygon","coordinates":[[[[353409.1963999998,4554707.104499999],[353436.56659999955,4554583.744999999],[353413.3585000001,4554546.794399999],[353355.53699999955,4554492.173],[353383.2723000003,4554451.2458],[353364.3306999998,4554433.657500001],[353329.83050000016,4554445.496200001],[353282.4106999999,4554434.541300001],[353283.76960000023,4554374.887],[353101.8200000003,4554368.4168],[353095.8110999996,4554341.5496],[353028.89639999997,4554349.477],[353000.3161000004,4554316.587200001],[352994.59580000024,4554279.417199999],[352851.65940000024,4554291.3915],[352854.5460999999,4554304.506899999],[352808.81539999973,4554336.4395],[352783.58469999954,4554334.4683],[352780.8251,4554353.3914],[352744.95019999985,4554354.9683],[352739.43099999987,4554314.7568],[352669.2391999997,4554323.053200001],[352659.20519999973,4554366.7952],[352690.7435999997,4554390.0548],[352725.4358000001,4554432.6316],[352802.20139999967,4554421.923900001],[352843.8733999999,4554445.736400001],[352864.5109000001,4554448.9114],[352947.2594999997,4554428.2739],[353009.1721000001,4554487.011499999],[353057.19409999996,4554546.3444],[353128.2348999996,4554575.514799999],[353196.4974999996,4554587.8179],[353300.45239999983,4554631.896500001],[353348.07749999966,4554634.476199999],[353347.6805999996,4554724.567],[353409.1963999998,4554707.104499999]]],[[[353205.5558000002,4555014.5887],[353155.0203,4555001.095000001],[353094.69519999996,4554939.3146],[353114.0098000001,4554898.0396],[353029.8492999999,4554890.5934],[353035.0351999998,4554872.510199999],[352980.7293999996,4554888.848200001],[352915.9062999999,4554864.3741999995],[352892.0937999999,4554866.3586],[352867.61980000045,4554882.2336],[352595.53699999955,4554557.4054000005],[352659.4023000002,4554508.5209],[352626.28699999955,4554406.2182],[352623.5274,4554328.160700001],[352642.05620000046,4554237.4878],[352691.7291000001,4554136.959100001],[352553.5948999999,4554253.0305],[352427.2372000003,4554319.040200001],[352364.0201000003,4554498.975099999],[352418.24980000034,4554538.568499999],[352578.7087000003,4554732.6809],[353150.9464999996,4555386.324899999],[353150.07919999957,4555487.8882],[353190.0856999997,4555543.2576],[353344.6816999996,4555380.5197],[353364.3071999997,4555336.5052000005],[353322.32490000036,4555306.6195],[353239.56630000006,4555197.726600001],[353233.0724999998,4555087.349300001],[353205.5558000002,4555014.5887]]]]}},{"type":"Feature","properties":{"cusec":"4314807005","mundissec":"43148207005","municipi_ine":"43148","pv_n":0,"pv_known_n":0,"pv_kw":0.0,"pv_edifici_n":0,"pv_edifici_known_n":0,"pv_edifici_kw":0.0,"buildings_n":27,"functional_n":27,"date_interval_n":0,"age_exact_n":27,"age_median_exact":58.0,"age_median_min":58.0,"age_median_max":58.0,"age_exact_fraction":1.0,"pv_known_fraction":null,"kw_per_100_buildings":0.0,"association_sample":false,"moran_sample":true,"moran_i":-0.12899367750837354,"moran_p_sim":0.4743,"moran_quadrant":"LH","moran_fdr":false,"moran_z":-1.8957416166236878,"moran_lag":0.06850058349138513,"neighbors":["4314807006","4310001001"]},"geometry":{"type":"Polygon","coordinates":[[[352981.0999999996,4558543.5],[353179.2999999998,4558283.5],[353085.0999999996,4558167.300000001],[352882.0,4558427.0],[352859.29000000004,4558377.794600001],[352817.5680999998,4558418.399800001],[352781.69049999956,4558471.7399],[352774.22919999994,4558498.092499999],[352777.2455000002,4558549.0513],[352767.7048000004,4558594.631999999],[352846.1638000002,4558642.2168000005],[352920.02890000027,4558712.3344],[352990.0999999996,4558757.6],[353022.5,4558762.199999999],[352981.0999999996,4558543.5]]]}},{"type":"Feature","properties":{"cusec":"4314807006","mundissec":"43148207006","municipi_ine":"43148","pv_n":11,"pv_known_n":7,"pv_kw":36.0,"pv_edifici_n":11,"pv_edifici_known_n":7,"pv_edifici_kw":36.0,"buildings_n":278,"functional_n":277,"date_interval_n":11,"age_exact_n":266,"age_median_exact":51.0,"age_median_min":49.0,"age_median_max":51.0,"age_exact_fraction":0.9602888086642599,"pv_known_fraction":0.6363636363636364,"kw_per_100_buildings":12.99638989169675,"association_sample":true,"moran_sample":true,"moran_i":-0.06782608244757195,"moran_p_sim":0.4158,"moran_quadrant":"LH","moran_fdr":false,"moran_z":-0.46192890051980845,"moran_lag":0.1478177506922942,"neighbors":["4314807021","4314807005","4310001001","4314807012"]},"geometry":{"type":"Polygon","coordinates":[[[352497.5,4558660.5],[352573.5,4558501.300000001],[352767.7048000004,4558594.631999999],[352777.2455000002,4558549.0513],[352778.83299999963,4558478.0899],[352827.72809999995,4558405.540999999],[352859.29000000004,4558377.794600001],[352809.45720000006,4558306.3814],[352761.7999999998,4558194.9],[352425.90720000025,4557986.762700001],[352426.03550000023,4558005.4472],[352371.26659999974,4558007.5638999995],[352353.53949999996,4558030.3181],[352336.0,4558676.5],[352497.5,4558660.5]]]}},{"type":"Feature","properties":{"cusec":"4314807007","mundissec":"43148207007","municipi_ine":"43148","pv_n":121,"pv_known_n":101,"pv_kw":714.0,"pv_edifici_n":121,"pv_edifici_known_n":101,"pv_edifici_kw":714.0,"buildings_n":870,"functional_n":774,"date_interval_n":140,"age_exact_n":634,"age_median_exact":51.0,"age_median_min":47.0,"age_median_max":51.0,"age_exact_fraction":0.8191214470284238,"pv_known_fraction":0.8347107438016529,"kw_per_100_buildings":92.24806201550388,"association_sample":true,"moran_sample":true,"moran_i":0.28940957318347743,"moran_p_sim":0.0188,"moran_quadrant":"HH","moran_fdr":false,"moran_z":0.5685298539157382,"moran_lag":0.5124654709080709,"neighbors":["4314803003","4304301002","4314807003","4314807004","4314804009","4314804015","4314807013","4314807016","4314807019","4314807020","4314807022","4314807023","4314803002"]},"geometry":{"type":"Polygon","coordinates":[[[355469.8064000001,4556636.3969],[355551.1366999997,4556603.4241],[355659.0809000004,4556505.9011],[355744.3066999996,4556449.234099999],[355780.14520000014,4556427.2413],[355838.72229999956,4556407.526000001],[355981.2421000004,4556392.1548],[356268.7999999998,4556389.9],[356476.2170000002,4556615.9059],[356534.3872999996,4556556.9683],[356646.6557,4556416.4486],[356647.91669999994,4556346.7938],[356624.8147999998,4556298.820499999],[356660.13900000043,4556288.5591],[356668.03589999955,4556181.060699999],[356650.1649000002,4556177.5572999995],[356645.3546000002,4556163.4792],[356651.6151999999,4556094.056299999],[356639.7834999999,4555961.0186],[356644.0223000003,4555916.248400001],[356681.83249999955,4555849.9682],[356675.6348000001,4555812.6862],[356644.5636999998,4555779.7919],[356619.06240000017,4555725.6677],[356620.9918999998,4555667.637599999],[356615.0678000003,4555651.7815000005],[356506.97030000016,4555477.578199999],[356559.69400000013,4555425.0812],[356496.10080000013,4555347.054],[356600.65500000026,4555298.9575],[356577.31379999965,4555254.9692],[356637.46109999996,4555230.7302],[356656.31319999974,4555210.9802],[356685.0405000001,4555210.979900001],[356716.4606999997,4555193.0252],[356770.32359999977,4555128.388699999],[356775.1087999996,4555009.5973000005],[356760.8772999998,4554966.903999999],[356759.9908999996,4554898.693600001],[356781.6933000004,4554780.432399999],[356798.52410000004,4554729.052999999],[356818.4556999998,4554729.0529],[356838.8300000001,4554697.1622],[356823.7993000001,4554588.631899999],[356848.77969999984,4554585.6149],[356851.79669999983,4554564.8583],[356969.73589999974,4554547.4717],[356919.85919999983,4554375.5142],[356952.1880999999,4554289.938200001],[356824.8825000003,4554243.083799999],[356695.875,4554176.7203],[356688.4841,4554169.7848000005],[356702.3252999997,4554147.7962],[356694.9000000004,4554119.609999999],[356652.4299999997,4554110.699999999],[356648.2000000002,4554095.460000001],[356628.73000000045,4554078.970000001],[356592.7400000002,4554078.41],[356556.6200000001,4554050.27],[356544.0,4554025.32],[356559.75,4554014.26],[356560.54000000004,4554000.99],[356540.3499999996,4553996.119999999],[356512.28000000026,4553978.1899999995],[356508.95999999996,4553968.23],[356503.7400000002,4553975.289999999],[356459.88999999966,4553954.5],[356445.4299999997,4553952.77],[356424.78000000026,4553963.289999999],[356414.5499999998,4553952.140000001],[356418.36000000034,4553939.93],[356411.76999999955,4553932.17],[356398.75,4553936.779999999],[356339.04000000004,4553897.699999999],[356341.04000000004,4553873.199999999],[356360.04000000004,4553845.1],[356352.0599999996,4553834.35],[356327.9199999999,4553830.43],[356314.9900000002,4553817.92],[356265.5700000003,4553824.529999999],[356244.79000000004,4553845.26],[356245.28000000026,4553871.119999999],[356212.0999999996,4553879.800000001],[356164.3099999996,4553871.34],[356087.9000000004,4553835.609999999],[355946.01999999955,4553753.9399999995],[355966.3099999996,4553712.84],[355941.21999999974,4553644.779999999],[355870.28000000026,4553600.8100000005],[355855.7599999998,4553612.210000001],[355808.5700000003,4553600.720000001],[355794.5800000001,4553574.07],[355802.5499999998,4553561.85],[355799.5,4553541.630000001],[355780.5999999996,4553508.960000001],[355767.4299999997,4553512.449999999],[355731.1799999997,4553488.609999999],[355709.20999999996,4553488.890000001],[355689.3700000001,4553511.960000001],[355663.20999999996,4553500.220000001],[355611.3099999996,4553544.17],[355595.76999999955,4553531.3100000005],[355567.9900000002,4553553.529999999],[355536.0599999996,4553553.17],[355425.5499999998,4553499.130000001],[355260.08999999985,4553366.3100000005],[355149.68120000046,4553259.7337],[355088.2105999999,4553346.479499999],[355023.26209999993,4553458.552200001],[354941.199,4553542.1768],[355228.18379999977,4553693.173699999],[355431.75380000006,4553813.327099999],[354949.9445000002,4554048.2401],[354750.9112999998,4554080.438200001],[354649.93099999987,4554077.512],[354465.53170000017,4553989.704500001],[354335.28139999975,4553942.8741],[354146.68460000027,4553891.297800001],[354057.7745000003,4553891.478499999],[353860.2544999998,4553931.6601],[353772.63439999986,4553941.6708],[353662.0242999997,4553942.2916],[353510.76269999985,4553929.374399999],[353462.01219999976,4554061.2859000005],[353391.2806000002,4554076.580700001],[353367.2651000004,4554120.3741],[353413.35670000035,4554320.8741],[353443.3673999999,4554395.223999999],[353453.37789999973,4554468.153999999],[353432.60280000046,4554614.298900001],[353409.1963999998,4554707.104499999],[353407.48199999984,4554771.7301],[353472.801,4555010.3884],[353462.57380000036,4555238.3851],[353474.0343000004,4555308.475099999],[353639.9749999996,4555368.584000001],[353727.24540000036,4555391.4833],[353771.2457999997,4555412.597200001],[353796.5349000003,4555438.462400001],[353956.5016000001,4555717.879799999],[354046.87210000027,4555846.6818],[354081.1503999997,4555867.4561],[354155.9389000004,4555856.0295],[354256.4899000004,4555878.100099999],[354441.59020000044,4555884.073100001],[354531.95999999996,4555903.8083],[354605.7101999996,4555947.4344],[354688.8091000002,4556009.7577],[354812.41889999993,4556115.7073],[354857.0848000003,4556166.604800001],[354868.21160000004,4556190.881100001],[354938.47229999956,4556175.8465],[355174.02520000003,4556217.0908],[355247.13889999967,4556242.2721],[355381.61670000013,4556308.986400001],[355408.57660000026,4556339.4428],[355422.3342000004,4556379.9998],[355458.80869999994,4556617.079700001],[355469.8064000001,4556636.3969]]]}},{"type":"Feature","properties":{"cusec":"4314807008","mundissec":"43148207008","municipi_ine":"43148","pv_n":0,"pv_known_n":0,"pv_kw":0.0,"pv_edifici_n":0,"pv_edifici_known_n":0,"pv_edifici_kw":0.0,"buildings_n":15,"functional_n":15,"date_interval_n":3,"age_exact_n":12,"age_median_exact":39.5,"age_median_min":38.0,"age_median_max":39.0,"age_exact_fraction":0.8,"pv_known_fraction":null,"kw_per_100_buildings":0.0,"association_sample":false,"moran_sample":true,"moran_i":-0.5663932750446062,"moran_p_sim":0.3374,"moran_quadrant":"LH","moran_fdr":false,"moran_z":-1.8957416166236878,"moran_lag":0.3007765231255892,"neighbors":["4314807014","4314806012","4314807017"]},"geometry":{"type":"Polygon","coordinates":[[[352108.24870000035,4553701.810799999],[352155.63850000035,4553710.601600001],[352174.2394000003,4553698.275699999],[352160.09530000016,4553652.314200001],[352191.9128999999,4553629.924699999],[352209.5906999996,4553651.137800001],[352269.76499999966,4553612.623199999],[352229.2589999996,4553537.671800001],[352211.6085000001,4553474.2118999995],[352202.03309999965,4553430.24],[352200.7695000004,4553356.356000001],[351991.2569000004,4553318.0633000005],[351978.5533999996,4553413.892899999],[352071.7138,4553430.778899999],[352063.8794,4553460.1997],[352091.7467,4553467.3068],[352062.8772,4553595.0776],[352004.9698000001,4553586.584899999],[351966.9791000001,4553735.4717999995],[352092.9294999996,4553760.7281],[352108.24870000035,4553701.810799999]]]}},{"type":"Feature","properties":{"cusec":"4314807010","mundissec":"43148207010","municipi_ine":"43148","pv_n":0,"pv_known_n":0,"pv_kw":0.0,"pv_edifici_n":0,"pv_edifici_known_n":0,"pv_edifici_kw":0.0,"buildings_n":14,"functional_n":14,"date_interval_n":0,"age_exact_n":14,"age_median_exact":53.0,"age_median_min":53.0,"age_median_max":53.0,"age_exact_fraction":1.0,"pv_known_fraction":null,"kw_per_100_buildings":0.0,"association_sample":false,"moran_sample":true,"moran_i":0.5850340271737093,"moran_p_sim":0.281,"moran_quadrant":"LL","moran_fdr":false,"moran_z":-1.8957416166236878,"moran_lag":-0.3106754764869193,"neighbors":["4314807011","4314807019","4314807003"]},"geometry":{"type":"Polygon","coordinates":[[[353398.17119999975,4555852.569399999],[353404.7265999997,4555801.0604],[353478.6867000004,4555623.3356],[353386.15589999966,4555531.9661],[353205.78699999955,4555716.3978],[353181.13740000036,4555766.448100001],[353218.35720000044,4555747.6797],[353266.32820000034,4555748.0176],[353344.3206000002,4555807.616599999],[353367.2659,4555859.125399999],[353388.33779999986,4555861.934800001],[353398.17119999975,4555852.569399999]]]}},{"type":"Feature","properties":{"cusec":"4314807011","mundissec":"43148207011","municipi_ine":"43148","pv_n":0,"pv_known_n":0,"pv_kw":0.0,"pv_edifici_n":0,"pv_edifici_known_n":0,"pv_edifici_kw":0.0,"buildings_n":14,"functional_n":14,"date_interval_n":1,"age_exact_n":13,"age_median_exact":48.0,"age_median_min":48.0,"age_median_max":48.0,"age_exact_fraction":0.9285714285714286,"pv_known_fraction":null,"kw_per_100_buildings":0.0,"association_sample":false,"moran_sample":true,"moran_i":-0.5951652375301372,"moran_p_sim":0.2318,"moran_quadrant":"LH","moran_fdr":false,"moran_z":-1.8957416166236878,"moran_lag":0.31605553723326263,"neighbors":["4314807003","4314807004","4314807010","4314807015","4314807018","4314807019"]},"geometry":{"type":"Polygon","coordinates":[[[353071.7477000002,4555852.0338],[353130.30840000045,4555834.139799999],[353181.13740000036,4555766.448100001],[353205.78699999955,4555716.3978],[353386.15589999966,4555531.9661],[353294.65500000026,4555436.956700001],[353032.35670000035,4555707.779100001],[353002.50710000005,4555730.053300001],[353008.2927000001,4555797.7609],[352991.27249999996,4555829.453199999],[353071.7477000002,4555852.0338]]]}},{"type":"Feature","properties":{"cusec":"4314807012","mundissec":"43148207012","municipi_ine":"43148","pv_n":40,"pv_known_n":34,"pv_kw":157.0,"pv_edifici_n":40,"pv_edifici_known_n":34,"pv_edifici_kw":157.0,"buildings_n":110,"functional_n":110,"date_interval_n":27,"age_exact_n":83,"age_median_exact":31.0,"age_median_min":26.5,"age_median_max":30.5,"age_exact_fraction":0.7545454545454545,"pv_known_fraction":0.85,"kw_per_100_buildings":142.72727272727272,"association_sample":true,"moran_sample":true,"moran_i":0.22835192918195407,"moran_p_sim":0.2698,"moran_quadrant":"HH","moran_fdr":false,"moran_z":0.8036160122369902,"moran_lag":0.28606260821649776,"neighbors":["4304701001","4314807002","4314807006","4310001001","4314807021"]},"geometry":{"type":"Polygon","coordinates":[[[352346.9000000004,4558156.0],[352351.1582000004,4558048.839],[352359.3602999998,4558015.2368],[352371.26659999974,4558007.5638999995],[352426.03550000023,4558005.4472],[352420.2204,4557817.931399999],[352430.8030000003,4557733.2644],[352430.8021999998,4557618.9639],[352417.0427000001,4557468.680199999],[352376.82459999993,4557299.3465],[352375.76609999966,4557276.063200001],[352388.46580000035,4557241.1379],[352378.94070000015,4557230.5546],[352336.6070999997,4557214.6799],[352312.2651000004,4557191.396600001],[352297.44820000045,4557150.1216],[352293.6925999997,4557062.0164],[352131.23560000025,4557063.1296999995],[352110.8320000004,4557136.861099999],[352060.43200000003,4557225.143999999],[352076.31659999955,4557322.0196],[352046.67080000043,4557422.6448],[352069.39410000015,4557622.1633],[352048.4040999999,4557701.148600001],[352047.7000000002,4557740.4],[352086.9480999997,4557882.0287],[352094.01889999956,4558022.375499999],[352117.0999999996,4558132.4],[352096.6386000002,4558189.6921],[352079.2999999998,4558354.800000001],[352346.9000000004,4558156.0]]]}},{"type":"Feature","properties":{"cusec":"4314807013","mundissec":"43148207013","municipi_ine":"43148","pv_n":253,"pv_known_n":192,"pv_kw":934.0,"pv_edifici_n":253,"pv_edifici_known_n":192,"pv_edifici_kw":934.0,"buildings_n":773,"functional_n":763,"date_interval_n":144,"age_exact_n":619,"age_median_exact":38.0,"age_median_min":36.0,"age_median_max":38.0,"age_exact_fraction":0.8112712975098296,"pv_known_fraction":0.758893280632411,"kw_per_100_buildings":122.41153342070773,"association_sample":true,"moran_sample":true,"moran_i":0.4063360030551194,"moran_p_sim":0.1554,"moran_quadrant":"HH","moran_fdr":false,"moran_z":0.7208120637933165,"moran_lag":0.5675031133236405,"neighbors":["4314807007","4314807016","4304301002"]},"geometry":{"type":"Polygon","coordinates":[[[356628.4704999998,4556709.3177000005],[356680.03139999975,4556687.749600001],[356728.6953999996,4556656.389900001],[356778.4463999998,4556590.2565],[356806.3558,4556604.210999999],[356859.8201000001,4556562.351199999],[356878.7971000001,4556427.483100001],[356859.18939999957,4556357.468900001],[356831.9456000002,4556320.6712],[356827.3663999997,4556290.2009],[356838.6743000001,4556208.1018],[356910.79470000044,4556008.408],[356908.84240000043,4555967.975099999],[356878.16110000014,4555821.602299999],[356892.2391999997,4555713.8884],[356904.8979000002,4555700.3741],[356936.39130000025,4555694.3752],[357015.8746999996,4555706.3719999995],[357386.2973999996,4555718.366699999],[357604.5067999996,4555610.641000001],[357568.8113000002,4555512.0448],[357522.57070000004,4555424.3248],[357600.8701999998,4555332.872199999],[357608.66060000006,4555301.111199999],[357555.95430000033,4555115.4945],[357551.79750000034,4555046.1643],[357499.36760000046,4554924.143999999],[357652.7695000004,4554844.7707],[357655.41530000046,4554758.5164],[357647.16029999964,4554697.4504],[357575.51099999994,4554676.0721],[357354.6364000002,4554641.676200001],[357252.61290000007,4554604.1052],[357152.70600000024,4554537.3243],[357023.69489999954,4554412.546499999],[356930.2692999998,4554353.6522],[356919.85919999983,4554375.5142],[356969.73589999974,4554547.4717],[356851.79669999983,4554564.8583],[356848.77969999984,4554585.6149],[356823.7993000001,4554588.631899999],[356838.8300000001,4554697.1622],[356818.4556999998,4554729.0529],[356798.52410000004,4554729.052999999],[356781.6933000004,4554780.432399999],[356759.9908999996,4554898.693600001],[356760.8772999998,4554966.903999999],[356775.1087999996,4555009.5973000005],[356770.32359999977,4555128.388699999],[356716.4606999997,4555193.0252],[356685.0405000001,4555210.979900001],[356656.31319999974,4555210.9802],[356637.46109999996,4555230.7302],[356577.31379999965,4555254.9692],[356600.65500000026,4555298.9575],[356496.10080000013,4555347.054],[356559.69400000013,4555425.0812],[356506.97030000016,4555477.578199999],[356615.0678000003,4555651.7815000005],[356620.9918999998,4555667.637599999],[356619.06240000017,4555725.6677],[356644.5636999998,4555779.7919],[356675.6348000001,4555812.6862],[356681.83249999955,4555849.9682],[356644.0223000003,4555916.248400001],[356639.7834999999,4555961.0186],[356651.6151999999,4556094.056299999],[356645.3546000002,4556163.4792],[356650.1649000002,4556177.5572999995],[356668.03589999955,4556181.060699999],[356660.13900000043,4556288.5591],[356624.8147999998,4556298.820499999],[356647.91669999994,4556346.7938],[356646.6557,4556416.4486],[356534.3872999996,4556556.9683],[356476.2170000002,4556615.9059],[356572.2999999998,4556720.6],[356628.4704999998,4556709.3177000005]]]}},{"type":"Feature","properties":{"cusec":"4314807014","mundissec":"43148207014","municipi_ine":"43148","pv_n":4,"pv_known_n":4,"pv_kw":35.0,"pv_edifici_n":4,"pv_edifici_known_n":4,"pv_edifici_kw":35.0,"buildings_n":22,"functional_n":22,"date_interval_n":0,"age_exact_n":22,"age_median_exact":38.5,"age_median_min":38.5,"age_median_max":38.5,"age_exact_fraction":1.0,"pv_known_fraction":1.0,"kw_per_100_buildings":159.0909090909091,"association_sample":true,"moran_sample":true,"moran_i":-0.6767021519673506,"moran_p_sim":0.0224,"moran_quadrant":"HL","moran_fdr":false,"moran_z":0.8622031899629735,"moran_lag":-0.790119759563398,"neighbors":["4314806012","4314807001","4314804006","4314807002","4314804012","4314807008","4314807017"]},"geometry":{"type":"Polygon","coordinates":[[[352334.6412000004,4553701.316299999],[352699.9291000003,4553460.848099999],[352200.7695000004,4553356.356000001],[352202.03309999965,4553430.24],[352229.2589999996,4553537.671800001],[352261.5795,4553601.4417],[352334.6412000004,4553701.316299999]]]}},{"type":"Feature","properties":{"cusec":"4314807015","mundissec":"43148207015","municipi_ine":"43148","pv_n":1,"pv_known_n":1,"pv_kw":4.0,"pv_edifici_n":1,"pv_edifici_known_n":1,"pv_edifici_kw":4.0,"buildings_n":7,"functional_n":7,"date_interval_n":0,"age_exact_n":7,"age_median_exact":47.0,"age_median_min":47.0,"age_median_max":47.0,"age_exact_fraction":1.0,"pv_known_fraction":1.0,"kw_per_100_buildings":57.142857142857146,"association_sample":false,"moran_sample":true,"moran_i":0.0124543088556703,"moran_p_sim":0.4904,"moran_quadrant":"HH","moran_fdr":false,"moran_z":0.31186915074484856,"moran_lag":0.04020242076268166,"neighbors":["4314807018","4314807011","4314807003"]},"geometry":{"type":"Polygon","coordinates":[[[352980.5251000002,4555835.666300001],[353008.2927000001,4555797.7609],[353002.50710000005,4555730.053300001],[353113.1529000001,4555624.571599999],[352972.18489999976,4555490.429199999],[352896.6607999997,4555812.760399999],[352917.8333999999,4555832.5778],[352980.5251000002,4555835.666300001]]]}},{"type":"Feature","properties":{"cusec":"4314807016","mundissec":"43148207016","municipi_ine":"43148","pv_n":258,"pv_known_n":197,"pv_kw":1359.0,"pv_edifici_n":258,"pv_edifici_known_n":197,"pv_edifici_kw":1359.0,"buildings_n":1174,"functional_n":1129,"date_interval_n":231,"age_exact_n":895,"age_median_exact":46.0,"age_median_min":36.0,"age_median_max":46.0,"age_exact_fraction":0.7927369353410098,"pv_known_fraction":0.7635658914728682,"kw_per_100_buildings":120.37201062887512,"association_sample":true,"moran_sample":true,"moran_i":0.3787681953661752,"moran_p_sim":0.0633,"moran_quadrant":"HH","moran_fdr":false,"moran_z":0.7117573977701288,"moran_lag":0.5357306646703803,"neighbors":["4301201002","4301201003","4304301001","4304301002","4314807007","4314807013","4312601001"]},"geometry":{"type":"MultiPolygon","coordinates":[[[[362198.2400000002,4554298.4399999995],[362196.2599999998,4554310.140000001],[362200.26999999955,4554311.34],[362203.26999999955,4554307.27],[362198.2400000002,4554298.4399999995]]],[[[359282.26999999955,4554324.18],[359275.3799999999,4554322.6899999995],[359274.70999999996,4554325.41],[359282.26999999955,4554324.18]]],[[[360148.1299999999,4554313.640000001],[360143.33999999985,4554321.960000001],[360159.4500000002,4554335.0600000005],[360158.8799999999,4554327.83],[360148.1299999999,4554313.640000001]]],[[[359561.08999999985,4554330.9],[359552.5,4554332.35],[359562.11000000034,4554336.59],[359561.08999999985,4554330.9]]],[[[363276.45999999996,4554495.140000001],[363188.01999999955,4554480.41],[363179.3700000001,4554485.08],[363276.2000000002,4554510.91],[363276.45999999996,4554495.140000001]]],[[[357963.7000000002,4558473.699999999],[357961.2000000002,4558224.1],[358012.17590000015,4558227.509299999],[358054.27359999996,4558216.817500001],[358109.9023000002,4558160.0185],[358126.60730000027,4558093.5306],[358122.26329999976,4558026.0406],[358170.3742000004,4557908.433800001],[358195.43209999986,4557873.017999999],[358223.4972000001,4557866.3356],[358269.7246000003,4557874.338400001],[358296.05840000045,4557863.052200001],[358348.7750000004,4557859.9111],[358363.49980000034,4557822.046599999],[358357.18960000016,4557737.0254],[358362.53550000023,4557703.673],[358384.7951999996,4557656.1446],[358407.7235000003,4557642.3002],[358443.3618999999,4557642.583799999],[358491.7893000003,4557672.6866999995],[358554.11259999964,4557744.5407],[358575.0091000004,4557752.0559],[358596.2719999999,4557730.976],[358601.0376000004,4557700.1811999995],[358590.7028000001,4557657.851600001],[358485.92059999984,4557528.7238],[358463.3119000001,4557478.289899999],[358458.5834999997,4557435.9385],[358465.99010000005,4557322.5287999995],[358486.53780000005,4557238.060900001],[358467.29750000034,4557164.946699999],[358462.33330000006,4557070.100400001],[358504.4036999997,4556939.1752],[358585.7034,4556881.0219],[358689.09499999974,4556871.274800001],[358748.6286000004,4556886.299900001],[358857.4620000003,4556894.096000001],[358913.0999999996,4556885.6],[358978.0999999996,4557363.1],[359839.7000000002,4558233.5],[360178.7000000002,4557445.199999999],[361263.2000000002,4557084.0],[361556.2999999998,4557047.1],[361579.7999999998,4557150.1],[362135.7999999998,4556983.0],[362615.7999999998,4556303.699999999],[362585.83469999954,4556256.7267],[362567.63269999996,4556204.9823],[362536.3216000004,4556011.0494],[362497.83609999996,4555904.631100001],[362468.0513000004,4555785.496099999],[362447.74899999984,4555613.1884],[362975.7000000002,4555604.5],[363636.9000000004,4555392.699999999],[363466.21279999986,4554763.8214],[363294.6059999997,4554683.9339000005],[363218.7408999996,4554626.999500001],[363184.9576000003,4554610.531099999],[363117.7268000003,4554633.371200001],[363087.32540000044,4554635.5649999995],[362870.9252000004,4554604.782299999],[362753.4581000004,4554580.9528],[362503.57210000046,4554502.065300001],[362477.83499999996,4554501.6675],[362470.4299999997,4554472.1899999995],[362451.71999999974,4554445.76],[362421.8300000001,4554442.640000001],[362401.4000000004,4554421.73],[362414.28000000026,4554391.699999999],[362393.71999999974,4554372.73],[362379.11000000034,4554378.460000001],[362385.8799999999,4554407.050000001],[362370.4400000004,4554411.35],[362362.5499999998,4554397.4],[362295.8099999996,4554379.07],[362287.48000000045,4554368.49],[362277.41000000015,4554373.1],[362267.5700000003,4554365.85],[362266.1299999999,4554347.890000001],[362256.58999999985,4554344.109999999],[362242.54000000004,4554343.279999999],[362209.5499999998,4554359.41],[362199.0,4554327.710000001],[362169.8200000003,4554291.550000001],[362158.70999999996,4554306.630000001],[362144.5800000001,4554305.09],[362108.1799999997,4554273.949999999],[362077.73000000045,4554264.4],[362072.8099999996,4554273.140000001],[362041.9400000004,4554262.18],[362009.5999999996,4554273.75],[361986.58999999985,4554259.57],[361903.1200000001,4554257.65],[361891.3300000001,4554268.9],[361853.6200000001,4554268.210000001],[361844.4199999999,4554282.779999999],[361827.29000000004,4554289.68],[361811.3099999996,4554275.41],[361795.96999999974,4554230.6899999995],[361781.5800000001,4554220.32],[361761.54000000004,4554223.73],[361713.45999999996,4554178.109999999],[361672.96999999974,4554184.449999999],[361652.0599999996,4554200.970000001],[361635.1200000001,4554188.5],[361589.0099999998,4554184.710000001],[361582.8300000001,4554214.74],[361545.3499999996,4554203.800000001],[361522.8499999996,4554182.470000001],[361466.0499999998,4554177.029999999],[361449.8799999999,4554193.539999999],[361417.1299999999,4554288.630000001],[361361.8700000001,4554296.65],[361279.8200000003,4554281.01],[361043.12679999974,4554188.4406],[360996.4751000004,4554155.0418],[361015.5599999996,4554127.949999999],[361009.83999999985,4554100.720000001],[360992.95999999996,4554081.470000001],[360950.23000000045,4554073.960000001],[360942.68290000036,4554083.07],[360925.3800999997,4554078.965299999],[360916.17590000015,4554034.829],[360994.01999999955,4553961.460000001],[360990.23000000045,4553930.880000001],[360981.98000000045,4553948.73],[360970.9199999999,4553943.98],[360966.04000000004,4553955.699999999],[360949.51999999955,4553948.83],[360936.53000000026,4553953.01],[360911.41000000015,4553937.41],[360888.46999999974,4553972.17],[360864.76999999955,4553961.720000001],[360835.3099999996,4553978.02],[360823.33999999985,4553995.550000001],[360816.6500000004,4553993.08],[360806.3499999996,4554012.220000001],[360788.78000000026,4554010.039999999],[360745.5700000003,4554096.289999999],[360712.0499999998,4554091.880000001],[360707.04000000004,4554121.35],[360689.0999999996,4554130.02],[360686.3700000001,4554140.58],[360674.63999999966,4554145.0600000005],[360670.2599999998,4554162.720000001],[360645.9299999997,4554181.85],[360644.5999999996,4554210.73],[360590.33999999985,4554225.93],[360581.9900000002,4554235.15],[360582.5599999996,4554250.91],[360553.03000000026,4554280.720000001],[360519.61000000034,4554277.1],[360500.4299999997,4554288.039999999],[360437.2000000002,4554259.300000001],[360395.46999999974,4554260.8100000005],[360370.1699999999,4554298.199999999],[360375.0499999998,4554341.49],[360336.08999999985,4554362.66],[360188.2599999998,4554366.66],[360103.0499999998,4554299.4],[360100.5599999996,4554325.83],[360070.8200000003,4554308.199999999],[360067.5700000003,4554321.08],[360047.2400000002,4554317.470000001],[360014.9266999997,4554346.3188000005],[359973.5499999998,4554314.199999999],[359890.7599999998,4554318.9399999995],[359863.8099999996,4554306.5],[359839.6299999999,4554327.25],[359806.6299999999,4554327.029999999],[359803.26999999955,4554354.199999999],[359768.2999999998,4554389.52],[359617.2792999996,4554399.4143],[359599.9961000001,4554390.447799999],[359518.46999999974,4554300.67],[359484.23000000045,4554294.25],[359470.7599999998,4554302.66],[359393.36000000034,4554285.470000001],[359370.58999999985,4554287.83],[359333.4500000002,4554300.640000001],[359317.26999999955,4554315.869999999],[359308.01999999955,4554311.6],[359294.3499999996,4554336.02],[359280.29000000004,4554333.619999999],[359279.2999999998,4554347.25],[359262.5099999998,4554355.35],[359259.1900000004,4554347.630000001],[359267.33999999985,4554340.52],[359248.2999999998,4554349.9399999995],[359246.53000000026,4554362.08],[359252.6799999997,4554360.16],[359260.1500000004,4554373.390000001],[359251.9199999999,4554389.470000001],[359257.66970000044,4554455.857100001],[359183.93570000026,4554482.7271],[359004.34169999976,4554514.4748],[358445.1423000004,4554522.0548],[357819.78110000025,4554475.2741],[357312.78139999975,4554397.467499999],[357126.06850000005,4554347.4911],[356952.1880999999,4554289.938200001],[356930.2692999998,4554353.6522],[357033.3256999999,4554420.060699999],[357133.65589999966,4554520.602600001],[357215.2536000004,4554583.3619],[357286.1621000003,4554619.239399999],[357354.6364000002,4554641.676200001],[357575.51099999994,4554676.0721],[357647.16029999964,4554697.4504],[357655.41530000046,4554758.5164],[357652.7695000004,4554844.7707],[357499.36760000046,4554924.143999999],[357551.79750000034,4555046.1643],[357555.95430000033,4555115.4945],[357608.66060000006,4555301.111199999],[357600.8701999998,4555332.872199999],[357522.57070000004,4555424.3248],[357568.8113000002,4555512.0448],[357604.5067999996,4555610.641000001],[357386.2973999996,4555718.366699999],[357015.8746999996,4555706.3719999995],[356936.39130000025,4555694.3752],[356904.8979000002,4555700.3741],[356892.2391999997,4555713.8884],[356878.16110000014,4555821.602299999],[356908.84240000043,4555967.975099999],[356910.79470000044,4556008.408],[356838.6743000001,4556208.1018],[356827.3663999997,4556290.2009],[356831.9456000002,4556320.6712],[356859.18939999957,4556357.468900001],[356878.7971000001,4556427.483100001],[356859.8201000001,4556562.351199999],[356806.3558,4556604.210999999],[356778.4463999998,4556590.2565],[356728.6953999996,4556656.389900001],[356680.03139999975,4556687.749600001],[356628.4704999998,4556709.3177000005],[356572.2999999998,4556720.6],[356556.6242000004,4556786.3718],[356554.76850000024,4556847.805],[356627.49260000046,4556947.867799999],[356691.20299999975,4556982.678200001],[356769.9447999997,4557010.224099999],[356869.426,4557069.565400001],[356887.6679999996,4557088.705],[356935.48539999966,4557185.3774999995],[356992.6190999998,4557250.895199999],[356995.9254999999,4557270.732899999],[356961.21050000004,4557396.3719999995],[356959.55759999994,4557435.220899999],[356977.8986999998,4557532.713500001],[357020.9000000004,4557642.699999999],[357133.3576999996,4557774.8332],[357253.20799999963,4557838.4046],[357271.16170000006,4557892.702199999],[357283.42310000025,4557979.4032000005],[357303.5661000004,4558017.936799999],[357359.61539999954,4558038.9549],[357370.1246999996,4558050.3398],[357414.88210000005,4558156.058],[357442.81460000016,4558196.592599999],[357519.2999999998,4558253.5],[357672.5,4558461.800000001],[357792.0,4558559.300000001],[357963.7000000002,4558473.699999999]]]]}},{"type":"Feature","properties":{"cusec":"4314807017","mundissec":"43148207017","municipi_ine":"43148","pv_n":0,"pv_known_n":0,"pv_kw":0.0,"pv_edifici_n":0,"pv_edifici_known_n":0,"pv_edifici_kw":0.0,"buildings_n":16,"functional_n":16,"date_interval_n":2,"age_exact_n":14,"age_median_exact":27.5,"age_median_min":28.0,"age_median_max":28.5,"age_exact_fraction":0.875,"pv_known_fraction":null,"kw_per_100_buildings":0.0,"association_sample":false,"moran_sample":true,"moran_i":-0.8444252361164493,"moran_p_sim":0.1134,"moran_quadrant":"LH","moran_fdr":false,"moran_z":-1.8957416166236878,"moran_lag":0.4484221436750073,"neighbors":["4314806012","4314806015","4314807001","4314807002","4314807008","4314807014","4314806005"]},"geometry":{"type":"Polygon","coordinates":[[[351825.77660000045,4554031.792099999],[352334.6412000004,4553701.316299999],[352269.76499999966,4553612.623199999],[352209.5906999996,4553651.137800001],[352191.9128999999,4553629.924699999],[352160.09530000016,4553652.314200001],[352174.2394000003,4553698.275699999],[352155.63850000035,4553710.601600001],[352108.24870000035,4553701.810799999],[352092.9294999996,4553760.7281],[351966.9791000001,4553735.4717999995],[352004.9698000001,4553586.584899999],[352062.8772,4553595.0776],[352091.7467,4553467.3068],[352063.8794,4553460.1997],[352071.7138,4553430.778899999],[351978.5533999996,4553413.892899999],[351991.2569000004,4553318.0633000005],[351949.1467000004,4553309.2535999995],[351930.2538999999,4553407.4976],[351899.1551000001,4553510.298900001],[351875.4422000004,4553518.022700001],[351852.16060000006,4553657.7184],[351839.74349999987,4553690.314099999],[351777.6571000004,4553755.505799999],[351777.6573000001,4553777.236199999],[351734.30869999994,4553839.4727],[351807.1496000001,4553921.5879999995],[351808.7022000002,4553969.705399999],[351825.77660000045,4554031.792099999]]]}},{"type":"Feature","properties":{"cusec":"4314807018","mundissec":"43148207018","municipi_ine":"43148","pv_n":5,"pv_known_n":4,"pv_kw":182.0,"pv_edifici_n":5,"pv_edifici_known_n":4,"pv_edifici_kw":182.0,"buildings_n":37,"functional_n":35,"date_interval_n":5,"age_exact_n":30,"age_median_exact":34.0,"age_median_min":33.0,"age_median_max":35.0,"age_exact_fraction":0.8571428571428571,"pv_known_fraction":0.8,"kw_per_100_buildings":520.0,"association_sample":true,"moran_sample":true,"moran_i":0.1014623398587954,"moran_p_sim":0.4446,"moran_quadrant":"HH","moran_fdr":false,"moran_z":1.5033700595488588,"moran_lag":0.06794288240016763,"neighbors":["4314807002","4314807003","4314807004","4314807011","4314807015"]},"geometry":{"type":"Polygon","coordinates":[[[352747.77830000035,4556265.134500001],[352838.88879999984,4556031.9410999995],[352863.20859999955,4555993.300799999],[352917.8333999999,4555832.5778],[352896.6607999997,4555812.760399999],[352972.18489999976,4555490.429199999],[353113.1529000001,4555624.571599999],[353190.0856999997,4555543.2576],[353150.07919999957,4555487.8882],[353150.9464999996,4555386.324899999],[352578.7087000003,4554732.6809],[352418.24980000034,4554538.568499999],[352364.0201000003,4554498.975099999],[352114.7368000001,4555274.6315],[352091.2429999998,4555414.8258],[352094.43340000045,4555463.9858],[352109.2838000003,4555516.9058],[352189.41500000004,4555657.3354],[352221.3657999998,4555752.3553],[352268.2949000001,4556478.347999999],[352301.7235000003,4556487.744200001],[352315.7030999996,4556513.226600001],[352325.9029000001,4556515.1833],[352361.7821000004,4556474.285499999],[352380.88999999966,4556474.9932],[352420.1314000003,4556498.0252],[352572.9921000004,4556502.8049],[352595.3635999998,4556508.1752],[352651.8602,4556551.8303],[352747.77830000035,4556265.134500001]]]}},{"type":"Feature","properties":{"cusec":"4314807019","mundissec":"43148207019","municipi_ine":"43148","pv_n":14,"pv_known_n":7,"pv_kw":60.0,"pv_edifici_n":14,"pv_edifici_known_n":7,"pv_edifici_kw":60.0,"buildings_n":85,"functional_n":81,"date_interval_n":11,"age_exact_n":70,"age_median_exact":46.0,"age_median_min":41.0,"age_median_max":46.0,"age_exact_fraction":0.8641975308641975,"pv_known_fraction":0.5,"kw_per_100_buildings":74.07407407407408,"association_sample":true,"moran_sample":true,"moran_i":-0.165044212734895,"moran_p_sim":0.1685,"moran_quadrant":"HL","moran_fdr":false,"moran_z":0.4507363678000559,"moran_lag":-0.3686232216538137,"neighbors":["4314807003","4314807004","4314804009","4314807007","4314807010","4314807011","4314807022"]},"geometry":{"type":"Polygon","coordinates":[[[353912.8942999998,4555792.0462],[353641.76410000026,4555459.2382],[353632.4151999997,4555420.805199999],[353636.87069999985,4555367.4969999995],[353474.0343000004,4555308.475099999],[353462.57380000036,4555238.3851],[353472.801,4555010.3884],[353407.48199999984,4554771.7301],[353409.1963999998,4554707.104499999],[353347.6805999996,4554724.567],[353348.07749999966,4554634.476199999],[353320.6930999998,4554637.8496],[353265.13049999997,4554833.112500001],[353224.4774000002,4554884.073000001],[353056.8367999997,4554815.980699999],[353029.8492999999,4554890.5934],[353114.0098000001,4554898.0396],[353094.69519999996,4554939.3146],[353155.0203,4555001.095000001],[353208.7308,4555015.911699999],[353233.0724999998,4555087.349300001],[353239.56630000006,4555197.726600001],[353322.32490000036,4555306.6195],[353364.3071999997,4555336.5052000005],[353344.6816999996,4555380.5197],[353294.65500000026,4555436.956700001],[353386.15589999966,4555531.9661],[353478.6867000004,4555623.3356],[353531.85639999993,4555573.3851],[353607.43709999975,4555651.954700001],[353657.14690000005,4555603.294199999],[353795.81099999975,4555780.4637],[353809.9056000002,4555789.1043],[353912.8942999998,4555792.0462]]]}},{"type":"Feature","properties":{"cusec":"4314807020","mundissec":"43148207020","municipi_ine":"43148","pv_n":5,"pv_known_n":3,"pv_kw":28.0,"pv_edifici_n":5,"pv_edifici_known_n":3,"pv_edifici_kw":28.0,"buildings_n":67,"functional_n":65,"date_interval_n":6,"age_exact_n":59,"age_median_exact":51.0,"age_median_min":38.0,"age_median_max":57.0,"age_exact_fraction":0.9076923076923077,"pv_known_fraction":0.6,"kw_per_100_buildings":43.07692307692308,"association_sample":true,"moran_sample":true,"moran_i":0.13797517562521827,"moran_p_sim":0.0255,"moran_quadrant":"HH","moran_fdr":false,"moran_z":0.16137709785373064,"moran_lag":0.860724262380886,"neighbors":["4314803003","4314807023","4314807007","4314804015"]},"geometry":{"type":"Polygon","coordinates":[[[354750.9112999998,4554080.438200001],[354949.9445000002,4554048.2401],[355068.03280000016,4553995.157199999],[355057.4581000004,4553972.0622000005],[355020.1517000003,4553939.835899999],[355001.6774000004,4553887.7796],[355018.4117999999,4553822.590299999],[355003.4258000003,4553807.354499999],[354999.5543999998,4553780.7543],[355053.01300000027,4553675.5166],[354906.7659,4553599.4234],[354879.5412999997,4553577.319],[354826.3409000002,4553575.570599999],[354684.84779999964,4553671.2314],[354581.3192999996,4553716.689099999],[354586.31460000016,4553760.3983],[354388.50019999966,4553841.4933],[354235.33860000037,4553864.1239],[354193.62480000034,4553899.8375],[354465.53170000017,4553989.704500001],[354649.93099999987,4554077.512],[354750.9112999998,4554080.438200001]]]}},{"type":"Feature","properties":{"cusec":"4314807021","mundissec":"43148207021","municipi_ine":"43148","pv_n":110,"pv_known_n":85,"pv_kw":472.0,"pv_edifici_n":109,"pv_edifici_known_n":84,"pv_edifici_kw":432.0,"buildings_n":180,"functional_n":180,"date_interval_n":74,"age_exact_n":106,"age_median_exact":23.0,"age_median_min":22.0,"age_median_max":23.0,"age_exact_fraction":0.5888888888888889,"pv_known_fraction":0.7706422018348624,"kw_per_100_buildings":240.0,"association_sample":true,"moran_sample":true,"moran_i":0.39881106408951417,"moran_p_sim":0.2036,"moran_quadrant":"HH","moran_fdr":false,"moran_z":1.0844665396532955,"moran_lag":0.37021672290656227,"neighbors":["4314807002","4314807003","4314807006","4310001001","4314807012"]},"geometry":{"type":"Polygon","coordinates":[[[352738.5999999996,4557979.5],[352946.0,4557973.1],[352926.0,4557838.6],[353051.5,4557842.300000001],[353142.7615,4557835.5986],[353142.9341000002,4557799.976],[353096.41500000004,4557741.629899999],[352984.0593999997,4557651.351299999],[352855.9347000001,4557469.217],[352752.64639999997,4557359.621099999],[352546.85840000026,4557086.4197],[352529.1180999996,4557057.641000001],[352515.7142000003,4557004.814099999],[352522.41610000003,4556914.535499999],[352503.8872999996,4556833.7183],[352468.80090000015,4556818.3434],[352354.47420000006,4556801.785700001],[352335.1568999998,4556795.478],[352313.86849999987,4556773.795399999],[352285.3984000003,4556765.3444],[352297.44820000045,4557150.1216],[352312.2651000004,4557191.396600001],[352336.6070999997,4557214.6799],[352378.94070000015,4557230.5546],[352388.46580000035,4557241.1379],[352375.76609999966,4557276.063200001],[352376.82459999993,4557299.3465],[352423.3931,4557517.363600001],[352431.8607999999,4557656.0057],[352420.2204,4557817.931399999],[352425.90720000025,4557986.762700001],[352761.7999999998,4558194.9],[352738.5999999996,4557979.5]]]}},{"type":"Feature","properties":{"cusec":"4314807022","mundissec":"43148207022","municipi_ine":"43148","pv_n":0,"pv_known_n":0,"pv_kw":0.0,"pv_edifici_n":0,"pv_edifici_known_n":0,"pv_edifici_kw":0.0,"buildings_n":17,"functional_n":16,"date_interval_n":0,"age_exact_n":16,"age_median_exact":25.5,"age_median_min":25.5,"age_median_max":25.5,"age_exact_fraction":1.0,"pv_known_fraction":null,"kw_per_100_buildings":0.0,"association_sample":false,"moran_sample":true,"moran_i":-0.9617919177655053,"moran_p_sim":0.1957,"moran_quadrant":"LH","moran_fdr":false,"moran_z":-1.8957416166236878,"moran_lag":0.5107483470262226,"neighbors":["4314807007","4314807019","4314807003"]},"geometry":{"type":"Polygon","coordinates":[[[353979.35419999994,4555790.5908],[353986.62519999966,4555783.319700001],[353986.62509999983,4555764.622400001],[353796.5349000003,4555438.462400001],[353771.2457999997,4555412.597200001],[353727.24540000036,4555391.4833],[353636.87069999985,4555367.4969999995],[353632.4151999997,4555420.805199999],[353641.76410000026,4555459.2382],[353707.2048000004,4555546.4911],[353912.8942999998,4555792.0462],[353979.35419999994,4555790.5908]]]}},{"type":"Feature","properties":{"cusec":"4314807023","mundissec":"43148207023","municipi_ine":"43148","pv_n":6,"pv_known_n":5,"pv_kw":18.0,"pv_edifici_n":6,"pv_edifici_known_n":5,"pv_edifici_kw":18.0,"buildings_n":23,"functional_n":23,"date_interval_n":3,"age_exact_n":20,"age_median_exact":23.0,"age_median_min":23.0,"age_median_max":23.0,"age_exact_fraction":0.8695652173913043,"pv_known_fraction":0.8333333333333334,"kw_per_100_buildings":78.26086956521739,"association_sample":true,"moran_sample":true,"moran_i":0.35298910821035545,"moran_p_sim":0.051,"moran_quadrant":"HH","moran_fdr":false,"moran_z":0.4802240129748218,"moran_lag":0.7399841595312019,"neighbors":["4314803003","4314807007","4314803002","4314807020"]},"geometry":{"type":"Polygon","coordinates":[[[355068.03280000016,4553995.157199999],[355431.75380000006,4553813.327099999],[355228.18379999977,4553693.173699999],[354941.199,4553542.1768],[354894.4018000001,4553583.858200001],[354906.7659,4553599.4234],[355053.01300000027,4553675.5166],[354999.5543999998,4553780.7543],[355003.4258000003,4553807.354499999],[355018.4117999999,4553822.590299999],[355001.9271999998,4553871.0452],[355010.3092,4553921.8971],[355032.3987999996,4553954.092700001],[355057.4581000004,4553972.0622000005],[355068.03280000016,4553995.157199999]]]}},{"type":"Feature","properties":{"cusec":"4314808001","mundissec":"43148208001","municipi_ine":"43148","pv_n":3,"pv_known_n":3,"pv_kw":109.0,"pv_edifici_n":3,"pv_edifici_known_n":3,"pv_edifici_kw":109.0,"buildings_n":150,"functional_n":147,"date_interval_n":7,"age_exact_n":140,"age_median_exact":59.0,"age_median_min":59.0,"age_median_max":59.0,"age_exact_fraction":0.9523809523809523,"pv_known_fraction":1.0,"kw_per_100_buildings":74.14965986394557,"association_sample":true,"moran_sample":true,"moran_i":0.17902990312037934,"moran_p_sim":0.2207,"moran_quadrant":"HH","moran_fdr":false,"moran_z":0.45128315417167975,"moran_lag":0.3993755238330409,"neighbors":["4314808014","4314806015","4314808002","4314808003"]},"geometry":{"type":"Polygon","coordinates":[[[350410.81539999973,4553493.7707],[350556.1458999999,4553482.044399999],[350563.04569999967,4553444.7543],[350651.6945000002,4553270.2633],[350698.0636999998,4553150.752800001],[350706.3733999999,4553121.1227],[350696.8781000003,4553095.854800001],[350461.86290000007,4553095.4245],[350454.21360000037,4553196.2546999995],[350437.19409999996,4553267.414999999],[350347.5756000001,4553481.386],[350398.6858999999,4553503.365599999],[350410.81539999973,4553493.7707]]]}},{"type":"Feature","properties":{"cusec":"4314808002","mundissec":"43148208002","municipi_ine":"43148","pv_n":5,"pv_known_n":4,"pv_kw":30.0,"pv_edifici_n":5,"pv_edifici_known_n":4,"pv_edifici_kw":30.0,"buildings_n":167,"functional_n":164,"date_interval_n":5,"age_exact_n":159,"age_median_exact":64.0,"age_median_min":64.0,"age_median_max":64.0,"age_exact_fraction":0.9695121951219512,"pv_known_fraction":0.8,"kw_per_100_buildings":18.29268292682927,"association_sample":true,"moran_sample":true,"moran_i":-0.07331469566498561,"moran_p_sim":0.3615,"moran_quadrant":"LH","moran_fdr":false,"moran_z":-0.2875509438142955,"moran_lag":0.25667361624102314,"neighbors":["4314808014","4314808001","4314808003"]},"geometry":{"type":"Polygon","coordinates":[[[350470.4375,4553834.7936],[350539.21839999966,4553814.414999999],[350536.35830000043,4553792.965],[350554.31790000014,4553742.3148],[350556.1458999999,4553482.044399999],[350410.81539999973,4553493.7707],[350398.6858999999,4553503.365599999],[350347.5756000001,4553481.386],[350255.9770999998,4553699.407],[350398.1277999999,4553757.126],[350385.70799999963,4553788.4462],[350433.8707999997,4553824.459899999],[350470.4375,4553834.7936]]]}},{"type":"Feature","properties":{"cusec":"4314808003","mundissec":"43148208003","municipi_ine":"43148","pv_n":7,"pv_known_n":5,"pv_kw":19.0,"pv_edifici_n":7,"pv_edifici_known_n":5,"pv_edifici_kw":19.0,"buildings_n":64,"functional_n":64,"date_interval_n":5,"age_exact_n":59,"age_median_exact":56.0,"age_median_min":54.5,"age_median_max":56.0,"age_exact_fraction":0.921875,"pv_known_fraction":0.7142857142857143,"kw_per_100_buildings":29.6875,"association_sample":true,"moran_sample":true,"moran_i":0.00293248540415392,"moran_p_sim":0.3842,"moran_quadrant":"LL","moran_fdr":false,"moran_z":-0.03536247601376708,"moran_lag":-0.0834830262762029,"neighbors":["4314808006","4314808007","4314806015","4314808011","4314808014","4314808001","4314806005","4314808002","4314808004","4314808005"]},"geometry":{"type":"Polygon","coordinates":[[[350217.1897,4554042.7378],[350571.8036000002,4553907.4648],[350539.21839999966,4553814.414999999],[350470.4375,4553834.7936],[350433.8707999997,4553824.459899999],[350385.70799999963,4553788.4462],[350398.1277999999,4553757.126],[350255.9770999998,4553699.407],[350437.19409999996,4553267.414999999],[350450.2838000003,4553217.8948],[350461.86290000007,4553095.4245],[350373.5226999996,4553095.0452],[350363.71360000037,4553168.7457],[350320.2703,4553264.4728],[350334.36400000006,4553272.3057],[350193.87789999973,4553685.6274],[350303.9417000003,4553729.093699999],[350260.73560000025,4553828.7685],[350295.4116000002,4553852.346899999],[350310.6730000004,4553880.638],[350135.7726999996,4553938.3445],[350217.1897,4554042.7378]]]}},{"type":"Feature","properties":{"cusec":"4314808004","mundissec":"43148208004","municipi_ine":"43148","pv_n":0,"pv_known_n":0,"pv_kw":0.0,"pv_edifici_n":0,"pv_edifici_known_n":0,"pv_edifici_kw":0.0,"buildings_n":19,"functional_n":19,"date_interval_n":0,"age_exact_n":19,"age_median_exact":56.0,"age_median_min":56.0,"age_median_max":56.0,"age_exact_fraction":1.0,"pv_known_fraction":null,"kw_per_100_buildings":0.0,"association_sample":false,"moran_sample":true,"moran_i":-1.1804064018411828,"moran_p_sim":0.0679,"moran_quadrant":"LH","moran_fdr":false,"moran_z":-1.8957416166236878,"moran_lag":0.626841011473904,"neighbors":["4314808006","4314808009","4314808011","4314808013","4314808003"]},"geometry":{"type":"Polygon","coordinates":[[[350217.80869999994,4553912.1576000005],[350310.6730000004,4553880.638],[350295.4116000002,4553852.346899999],[350260.73560000025,4553828.7685],[350303.9417000003,4553729.093699999],[350193.87789999973,4553685.6274],[350197.6369000003,4553675.7173999995],[350011.4759999998,4553597.0787],[349850.1952999998,4553539.969799999],[349849.76779999956,4553629.2883],[350017.9363000002,4553702.583699999],[350217.80869999994,4553912.1576000005]]]}},{"type":"Feature","properties":{"cusec":"4314808005","mundissec":"43148208005","municipi_ine":"43148","pv_n":0,"pv_known_n":0,"pv_kw":0.0,"pv_edifici_n":0,"pv_edifici_known_n":0,"pv_edifici_kw":0.0,"buildings_n":24,"functional_n":24,"date_interval_n":0,"age_exact_n":24,"age_median_exact":60.0,"age_median_min":60.0,"age_median_max":60.0,"age_exact_fraction":1.0,"pv_known_fraction":null,"kw_per_100_buildings":0.0,"association_sample":false,"moran_sample":true,"moran_i":0.06463384594248067,"moran_p_sim":0.4378,"moran_quadrant":"LL","moran_fdr":false,"moran_z":-1.8957416166236878,"moran_lag":-0.034323047810345717,"neighbors":["4314808007","4314806015","4314808003","4314808013"]},"geometry":{"type":"Polygon","coordinates":[[[349759.3234000001,4553307.9802],[350129.01300000027,4553186.7072],[350129.0127999997,4553158.177100001],[350320.2703,4553264.4728],[350363.71360000037,4553168.7457],[350373.5226999996,4553095.0452],[349762.1816999996,4553086.8498],[349759.3234000001,4553307.9802]]]}},{"type":"Feature","properties":{"cusec":"4314808006","mundissec":"43148208006","municipi_ine":"43148","pv_n":3,"pv_known_n":3,"pv_kw":66.0,"pv_edifici_n":3,"pv_edifici_known_n":3,"pv_edifici_kw":66.0,"buildings_n":31,"functional_n":31,"date_interval_n":1,"age_exact_n":30,"age_median_exact":30.0,"age_median_min":30.0,"age_median_max":30.0,"age_exact_fraction":0.967741935483871,"pv_known_fraction":1.0,"kw_per_100_buildings":212.90322580645162,"association_sample":true,"moran_sample":true,"moran_i":0.24513728844685095,"moran_p_sim":0.3037,"moran_quadrant":"HH","moran_fdr":false,"moran_z":1.0196584753125588,"moran_lag":0.2420246691640449,"neighbors":["4314808009","4314806005","4314806006","4314808003","4314808004"]},"geometry":{"type":"Polygon","coordinates":[[[349842.05590000004,4554184.2651],[350217.1897,4554042.7378],[350135.7726999996,4553938.3445],[350217.80869999994,4553912.1576000005],[350017.9363000002,4553702.583699999],[349849.76779999956,4553629.2883],[349842.05590000004,4554184.2651]]]}},{"type":"Feature","properties":{"cusec":"4314808007","mundissec":"43148208007","municipi_ine":"43148","pv_n":0,"pv_known_n":0,"pv_kw":0.0,"pv_edifici_n":0,"pv_edifici_known_n":0,"pv_edifici_kw":0.0,"buildings_n":20,"functional_n":20,"date_interval_n":0,"age_exact_n":20,"age_median_exact":46.0,"age_median_min":46.0,"age_median_max":46.0,"age_exact_fraction":1.0,"pv_known_fraction":null,"kw_per_100_buildings":0.0,"association_sample":false,"moran_sample":true,"moran_i":0.23965742477605242,"moran_p_sim":0.3729,"moran_quadrant":"LL","moran_fdr":false,"moran_z":-1.8957416166236878,"moran_lag":-0.12726727194932985,"neighbors":["4314808003","4314808011","4314808005","4314808013"]},"geometry":{"type":"Polygon","coordinates":[[[350334.36400000006,4553272.3057],[350129.0127999997,4553158.177100001],[350129.01300000027,4553186.7072],[349759.3234000001,4553307.9802],[349794.9840000002,4553385.02],[350065.92449999973,4553387.868000001],[350120.11450000014,4553379.307499999],[350274.1253000004,4553450.646500001],[350334.36400000006,4553272.3057]]]}},{"type":"Feature","properties":{"cusec":"4314808008","mundissec":"43148208008","municipi_ine":"43148","pv_n":2,"pv_known_n":1,"pv_kw":50.0,"pv_edifici_n":2,"pv_edifici_known_n":1,"pv_edifici_kw":50.0,"buildings_n":33,"functional_n":33,"date_interval_n":1,"age_exact_n":32,"age_median_exact":46.0,"age_median_min":46.0,"age_median_max":46.0,"age_exact_fraction":0.9696969696969697,"pv_known_fraction":0.5,"kw_per_100_buildings":151.5151515151515,"association_sample":true,"moran_sample":true,"moran_i":0.11027572625477731,"moran_p_sim":0.4444,"moran_quadrant":"HH","moran_fdr":false,"moran_z":0.8358623415988136,"moran_lag":0.1328159270673248,"neighbors":["4314806015","4314808009","4314808012"]},"geometry":{"type":"Polygon","coordinates":[[[348894.8021,4553319.3967],[349042.03220000025,4553302.275599999],[349173.9425999997,4553317.9746],[349170.37200000044,4553239.5045],[349022.06159999967,4553222.385600001],[349004.95150000043,4553212.3957],[349007.8004999999,4553075.4355],[348923.3202999998,4553074.016100001],[348914.76070000045,4553121.0963],[348789.27109999955,4553203.837300001],[348776.4413999999,4553250.9175],[348779.2916000001,4553276.5975],[348812.0920000002,4553313.6973],[348894.8021,4553319.3967]]]}},{"type":"Feature","properties":{"cusec":"4314808009","mundissec":"43148208009","municipi_ine":"43148","pv_n":20,"pv_known_n":17,"pv_kw":191.0,"pv_edifici_n":20,"pv_edifici_known_n":17,"pv_edifici_kw":191.0,"buildings_n":156,"functional_n":154,"date_interval_n":6,"age_exact_n":148,"age_median_exact":29.0,"age_median_min":27.5,"age_median_max":29.0,"age_exact_fraction":0.961038961038961,"pv_known_fraction":0.85,"kw_per_100_buildings":124.02597402597402,"association_sample":true,"moran_sample":true,"moran_i":-0.013671495452878319,"moran_p_sim":0.4703,"moran_quadrant":"HL","moran_fdr":false,"moran_z":0.7278740532305923,"moran_lag":-0.018908835113480182,"neighbors":["4314808006","4314808008","4314806015","4314808010","4314808011","4314808012","4314808013","4314809001","4314809002","4314809003","4314809004","4314809010","4390701001","4390701004","4314806006","4314808004"]},"geometry":{"type":"Polygon","coordinates":[[[348148.69689999986,4554882.9759],[349334.78079999983,4554401.085100001],[349842.05590000004,4554184.2651],[349850.1952999998,4553539.969799999],[349559.8446000004,4553512.721999999],[349558.25299999956,4553303.7017],[349367.60280000046,4553304.3730999995],[349173.9425999997,4553317.9746],[349042.03220000025,4553302.275599999],[348894.8021,4553319.3967],[348812.0920000002,4553313.6973],[348779.2916000001,4553276.5975],[348776.4413999999,4553250.9175],[348789.27109999955,4553203.837300001],[348914.76070000045,4553121.0963],[348923.3202999998,4553074.016100001],[348407.8964999998,4553061.9912],[348362.5312999999,4553159.841499999],[348353.7999999998,4553233.6603999995],[348389.2022000002,4553413.240800001],[348413.86060000025,4553404.581599999],[348425.76680000033,4553451.412900001],[348413.86060000025,4553455.910800001],[348437.04590000026,4553548.916099999],[348505.9464999996,4553770.9263],[348455.4611999998,4553838.8292],[348457.8060999997,4553854.5889],[348354.44460000005,4553989.740900001],[348299.5440999996,4554087.637399999],[348241.25650000013,4554156.8452],[348186.02749999985,4554177.613399999],[348136.0356999999,4554240.985300001],[348107.0393000003,4554294.191299999],[348074.6311999997,4554408.066500001],[348007.15020000003,4554564.235400001],[347986.7000000002,4554574.300000001],[348102.7999999998,4554813.699999999],[348148.69689999986,4554882.9759]]]}},{"type":"Feature","properties":{"cusec":"4314808010","mundissec":"43148208010","municipi_ine":"43148","pv_n":2,"pv_known_n":1,"pv_kw":10.0,"pv_edifici_n":2,"pv_edifici_known_n":1,"pv_edifici_kw":10.0,"buildings_n":27,"functional_n":27,"date_interval_n":0,"age_exact_n":27,"age_median_exact":45.0,"age_median_min":45.0,"age_median_max":45.0,"age_exact_fraction":1.0,"pv_known_fraction":0.5,"kw_per_100_buildings":37.03703703703704,"association_sample":true,"moran_sample":true,"moran_i":0.01263737335026547,"moran_p_sim":0.4041,"moran_quadrant":"HH","moran_fdr":false,"moran_z":0.08129916456851703,"moran_lag":0.15648608450074414,"neighbors":["4314806015","4314808009","4314808012","4314808013"]},"geometry":{"type":"Polygon","coordinates":[[[349367.60280000046,4553304.3730999995],[349646.98170000035,4553307.0112],[349649.22360000014,4553207.586300001],[349635.7675999999,4553208.333900001],[349638.8585000001,4553083.990700001],[349281.60089999996,4553083.9934],[349285.88269999996,4553312.263699999],[349367.60280000046,4553304.3730999995]]]}},{"type":"Feature","properties":{"cusec":"4314808011","mundissec":"43148208011","municipi_ine":"43148","pv_n":3,"pv_known_n":1,"pv_kw":50.0,"pv_edifici_n":3,"pv_edifici_known_n":1,"pv_edifici_kw":50.0,"buildings_n":17,"functional_n":17,"date_interval_n":1,"age_exact_n":16,"age_median_exact":36.0,"age_median_min":35.0,"age_median_max":35.0,"age_exact_fraction":0.9411764705882353,"pv_known_fraction":0.3333333333333333,"kw_per_100_buildings":294.11764705882354,"association_sample":true,"moran_sample":true,"moran_i":-0.6814440318451808,"moran_p_sim":0.1115,"moran_quadrant":"HL","moran_fdr":false,"moran_z":1.1945384480391332,"moran_lag":-0.5742950198459097,"neighbors":["4314808007","4314808009","4314808013","4314808003","4314808004"]},"geometry":{"type":"Polygon","coordinates":[[[350274.1253000004,4553450.646500001],[350120.11450000014,4553379.307499999],[350065.92449999973,4553387.868000001],[349794.9840000002,4553385.02],[349842.82490000036,4553486.979800001],[349850.1952999998,4553539.969799999],[350011.4759999998,4553597.0787],[350197.6369000003,4553675.7173999995],[350274.1253000004,4553450.646500001]]]}},{"type":"Feature","properties":{"cusec":"4314808012","mundissec":"43148208012","municipi_ine":"43148","pv_n":0,"pv_known_n":0,"pv_kw":0.0,"pv_edifici_n":0,"pv_edifici_known_n":0,"pv_edifici_kw":0.0,"buildings_n":20,"functional_n":20,"date_interval_n":0,"age_exact_n":20,"age_median_exact":46.0,"age_median_min":46.0,"age_median_max":46.0,"age_exact_fraction":1.0,"pv_known_fraction":null,"kw_per_100_buildings":0.0,"association_sample":false,"moran_sample":true,"moran_i":-1.5118264026466017,"moran_p_sim":0.036,"moran_quadrant":"LH","moran_fdr":false,"moran_z":-1.8957416166236878,"moran_lag":0.8028377259982481,"neighbors":["4314806015","4314808008","4314808009","4314808010"]},"geometry":{"type":"Polygon","coordinates":[[[349285.88269999996,4553312.263699999],[349281.60089999996,4553083.9934],[349007.8004999999,4553075.4355],[349004.95150000043,4553212.3957],[349022.06159999967,4553222.385600001],[349170.37200000044,4553239.5045],[349173.9425999997,4553317.9746],[349285.88269999996,4553312.263699999]]]}},{"type":"Feature","properties":{"cusec":"4314808013","mundissec":"43148208013","municipi_ine":"43148","pv_n":14,"pv_known_n":11,"pv_kw":40.0,"pv_edifici_n":14,"pv_edifici_known_n":11,"pv_edifici_kw":40.0,"buildings_n":82,"functional_n":82,"date_interval_n":1,"age_exact_n":81,"age_median_exact":31.0,"age_median_min":31.0,"age_median_max":31.0,"age_exact_fraction":0.9878048780487805,"pv_known_fraction":0.7857142857142857,"kw_per_100_buildings":48.78048780487805,"association_sample":true,"moran_sample":true,"moran_i":-0.06834916910690748,"moran_p_sim":0.2144,"moran_quadrant":"HL","moran_fdr":false,"moran_z":0.2274965568010024,"moran_lag":-0.30245683420539293,"neighbors":["4314808007","4314808009","4314806015","4314808010","4314808011","4314808004","4314808005"]},"geometry":{"type":"Polygon","coordinates":[[[349850.1952999998,4553539.969799999],[349842.82490000036,4553486.979800001],[349759.3234000001,4553307.9802],[349762.1816999996,4553086.8498],[349638.8585000001,4553083.990700001],[349635.7675999999,4553208.333900001],[349649.22360000014,4553207.586300001],[349646.98170000035,4553307.0112],[349558.25299999956,4553303.7017],[349559.8446000004,4553512.721999999],[349850.1952999998,4553539.969799999]]]}},{"type":"Feature","properties":{"cusec":"4314808014","mundissec":"43148208014","municipi_ine":"43148","pv_n":10,"pv_known_n":9,"pv_kw":47.0,"pv_edifici_n":10,"pv_edifici_known_n":9,"pv_edifici_kw":47.0,"buildings_n":79,"functional_n":76,"date_interval_n":2,"age_exact_n":74,"age_median_exact":59.0,"age_median_min":59.0,"age_median_max":59.0,"age_exact_fraction":0.9736842105263158,"pv_known_fraction":0.9,"kw_per_100_buildings":61.8421052631579,"association_sample":true,"moran_sample":true,"moran_i":0.15819378735689216,"moran_p_sim":0.1542,"moran_quadrant":"HH","moran_fdr":false,"moran_z":0.3541001705651568,"moran_lag":0.4497470034356837,"neighbors":["4314806015","4314808001","4314806005","4314808002","4314808003"]},"geometry":{"type":"Polygon","coordinates":[[[350571.8036000002,4553907.4648],[350740.1889000004,4553838.0035999995],[350725.80869999994,4553814.013599999],[350771.86789999995,4553795.7323],[350759.37129999977,4553743.206599999],[350764.24450000003,4553659.696900001],[350754.50129999965,4553641.6055],[350748.48429999966,4553592.682399999],[350664.4473000001,4553598.772700001],[350632.7801999999,4553458.711300001],[350638.86930000037,4553399.0327],[350709.50739999954,4553166.408],[350722.9040999999,4553096.986],[350696.8781000003,4553095.854800001],[350706.3733999999,4553121.1227],[350698.0636999998,4553150.752800001],[350651.6945000002,4553270.2633],[350563.04569999967,4553444.7543],[350555.88599999994,4553483.444399999],[350554.31790000014,4553742.3148],[350536.35830000043,4553792.965],[350539.21839999966,4553814.414999999],[350571.8036000002,4553907.4648]]]}},{"type":"Feature","properties":{"cusec":"4314809001","mundissec":"43148209001","municipi_ine":"43148","pv_n":9,"pv_known_n":8,"pv_kw":121.0,"pv_edifici_n":9,"pv_edifici_known_n":8,"pv_edifici_kw":121.0,"buildings_n":224,"functional_n":221,"date_interval_n":7,"age_exact_n":214,"age_median_exact":56.0,"age_median_min":54.0,"age_median_max":56.0,"age_exact_fraction":0.9683257918552036,"pv_known_fraction":0.8888888888888888,"kw_per_100_buildings":54.751131221719454,"association_sample":true,"moran_sample":true,"moran_i":-0.1483796120675893,"moran_p_sim":0.1355,"moran_quadrant":"HL","moran_fdr":false,"moran_z":0.28904521681845113,"moran_lag":-0.5167892070119017,"neighbors":["4314808009","4314809002","4314809008","4390701001","4390701002"]},"geometry":{"type":"Polygon","coordinates":[[[348007.15020000003,4554564.235400001],[348074.6311999997,4554408.066500001],[348107.0393000003,4554294.191299999],[348136.0356999999,4554240.985300001],[348186.02749999985,4554177.613399999],[348241.25650000013,4554156.8452],[348299.5440999996,4554087.637399999],[348354.44460000005,4553989.740900001],[348457.8060999997,4553854.5889],[348455.4611999998,4553838.8292],[348505.9464999996,4553770.9263],[348415.8672000002,4553795.1535],[348265.70430000033,4553740.3521],[348103.3844999997,4553800.1635],[348017.74810000043,4553765.540999999],[347924.84580000024,4554007.735200001],[347790.2000000002,4554078.699999999],[348007.15020000003,4554564.235400001]]]}},{"type":"Feature","properties":{"cusec":"4314809002","mundissec":"43148209002","municipi_ine":"43148","pv_n":0,"pv_known_n":0,"pv_kw":0.0,"pv_edifici_n":0,"pv_edifici_known_n":0,"pv_edifici_kw":0.0,"buildings_n":112,"functional_n":112,"date_interval_n":2,"age_exact_n":110,"age_median_exact":57.0,"age_median_min":56.5,"age_median_max":56.5,"age_exact_fraction":0.9821428571428571,"pv_known_fraction":null,"kw_per_100_buildings":0.0,"association_sample":false,"moran_sample":true,"moran_i":0.7615348293082295,"moran_p_sim":0.1781,"moran_quadrant":"LL","moran_fdr":false,"moran_z":-1.8957416166236878,"moran_lag":-0.40440416277952695,"neighbors":["4314808009","4314809001","4314809003","4314809008","4314809009"]},"geometry":{"type":"Polygon","coordinates":[[[348505.9464999996,4553770.9263],[348437.04590000026,4553548.916099999],[348267.6283999998,4553615.172700001],[348327.5401999997,4553764.5396],[348415.8672000002,4553795.1535],[348505.9464999996,4553770.9263]]]}},{"type":"Feature","properties":{"cusec":"4314809003","mundissec":"43148209003","municipi_ine":"43148","pv_n":1,"pv_known_n":1,"pv_kw":5.0,"pv_edifici_n":1,"pv_edifici_known_n":1,"pv_edifici_kw":5.0,"buildings_n":117,"functional_n":117,"date_interval_n":1,"age_exact_n":116,"age_median_exact":57.0,"age_median_min":57.0,"age_median_max":57.0,"age_exact_fraction":0.9914529914529915,"pv_known_fraction":1.0,"kw_per_100_buildings":4.273504273504273,"association_sample":true,"moran_sample":true,"moran_i":0.8605135938403405,"moran_p_sim":0.0327,"moran_quadrant":"LL","moran_fdr":false,"moran_z":-0.9923029795971283,"moran_lag":-0.8730084164527183,"neighbors":["4314808009","4314809002","4314809004","4314809008","4314809009"]},"geometry":{"type":"Polygon","coordinates":[[[348437.04590000026,4553548.916099999],[348413.86060000025,4553455.910800001],[348425.76680000033,4553451.412900001],[348413.86060000025,4553404.581599999],[348389.2022000002,4553413.240800001],[348378.72670000046,4553365.3815],[348195.4095999999,4553436.4936999995],[348267.6283999998,4553615.172700001],[348437.04590000026,4553548.916099999]]]}},{"type":"Feature","properties":{"cusec":"4314809004","mundissec":"43148209004","municipi_ine":"43148","pv_n":1,"pv_known_n":1,"pv_kw":4.0,"pv_edifici_n":1,"pv_edifici_known_n":1,"pv_edifici_kw":4.0,"buildings_n":136,"functional_n":136,"date_interval_n":8,"age_exact_n":128,"age_median_exact":56.0,"age_median_min":56.0,"age_median_max":56.0,"age_exact_fraction":0.9411764705882353,"pv_known_fraction":1.0,"kw_per_100_buildings":2.9411764705882355,"association_sample":true,"moran_sample":true,"moran_i":0.09636400475692408,"moran_p_sim":0.4064,"moran_quadrant":"LL","moran_fdr":false,"moran_z":-1.150537414520946,"moran_lag":-0.08431776474151086,"neighbors":["4314808009","4314809003","4314809009","4314809010","4390701002"]},"geometry":{"type":"Polygon","coordinates":[[[348012.88790000044,4553509.3862],[348378.72670000046,4553365.3815],[348359.6688000001,4553269.098999999],[347985.80590000004,4553414.7501],[348012.88790000044,4553509.3862]]]}},{"type":"Feature","properties":{"cusec":"4314809008","mundissec":"43148209008","municipi_ine":"43148","pv_n":0,"pv_known_n":0,"pv_kw":0.0,"pv_edifici_n":0,"pv_edifici_known_n":0,"pv_edifici_kw":0.0,"buildings_n":117,"functional_n":117,"date_interval_n":0,"age_exact_n":117,"age_median_exact":58.0,"age_median_min":58.0,"age_median_max":58.0,"age_exact_fraction":1.0,"pv_known_fraction":null,"kw_per_100_buildings":0.0,"association_sample":false,"moran_sample":true,"moran_i":0.8604450183312851,"moran_p_sim":0.1524,"moran_quadrant":"LL","moran_fdr":false,"moran_z":-1.8957416166236878,"moran_lag":-0.4569292616230938,"neighbors":["4314809001","4314809002","4314809003","4314809009","4390701002"]},"geometry":{"type":"Polygon","coordinates":[[[348103.3844999997,4553800.1635],[348265.70430000033,4553740.3521],[348327.5401999997,4553764.5396],[348267.6283999998,4553615.172700001],[348089.52969999984,4553683.3221],[348057.1434000004,4553664.033600001],[348017.74810000043,4553765.540999999],[348103.3844999997,4553800.1635]]]}},{"type":"Feature","properties":{"cusec":"4314809009","mundissec":"43148209009","municipi_ine":"43148","pv_n":2,"pv_known_n":2,"pv_kw":20.0,"pv_edifici_n":2,"pv_edifici_known_n":2,"pv_edifici_kw":20.0,"buildings_n":84,"functional_n":84,"date_interval_n":5,"age_exact_n":79,"age_median_exact":53.0,"age_median_min":51.5,"age_median_max":53.0,"age_exact_fraction":0.9404761904761905,"pv_known_fraction":1.0,"kw_per_100_buildings":23.80952380952381,"association_sample":true,"moran_sample":true,"moran_i":0.1639514049698885,"moran_p_sim":0.0096,"moran_quadrant":"LL","moran_fdr":false,"moran_z":-0.1508954877258621,"moran_lag":-1.0938150136705382,"neighbors":["4314809002","4314809003","4314809004","4314809008","4390701002"]},"geometry":{"type":"Polygon","coordinates":[[[348267.6283999998,4553615.172700001],[348195.4095999999,4553436.4936999995],[348012.88790000044,4553509.3862],[348057.1434000004,4553664.033600001],[348089.52969999984,4553683.3221],[348267.6283999998,4553615.172700001]]]}},{"type":"Feature","properties":{"cusec":"4314809010","mundissec":"43148209010","municipi_ine":"43148","pv_n":4,"pv_known_n":3,"pv_kw":19.0,"pv_edifici_n":4,"pv_edifici_known_n":3,"pv_edifici_kw":19.0,"buildings_n":153,"functional_n":149,"date_interval_n":3,"age_exact_n":146,"age_median_exact":55.0,"age_median_min":54.0,"age_median_max":55.0,"age_exact_fraction":0.9798657718120806,"pv_known_fraction":0.75,"kw_per_100_buildings":12.751677852348994,"association_sample":true,"moran_sample":true,"moran_i":-0.11166965935548162,"moran_p_sim":0.343,"moran_quadrant":"LH","moran_fdr":false,"moran_z":-0.47151296862791436,"moran_lag":0.23842211696458881,"neighbors":["4314809004","4314808009","4390701002","4390701004"]},"geometry":{"type":"Polygon","coordinates":[[[348359.6688000001,4553269.098999999],[348352.74170000013,4553221.2249],[348357.5042000003,4553176.2457],[348407.8964999998,4553061.9912],[347990.23869999964,4553055.233200001],[347985.80590000004,4553414.7501],[348359.6688000001,4553269.098999999]]]}},{"type":"Feature","properties":{"cusec":"4315301001","mundissec":"43153601001","municipi_ine":"43153","pv_n":21,"pv_known_n":15,"pv_kw":151.0,"pv_edifici_n":21,"pv_edifici_known_n":15,"pv_edifici_kw":151.0,"buildings_n":540,"functional_n":517,"date_interval_n":51,"age_exact_n":466,"age_median_exact":65.5,"age_median_min":59.0,"age_median_max":63.0,"age_exact_fraction":0.9013539651837524,"pv_known_fraction":0.7142857142857143,"kw_per_100_buildings":29.20696324951644,"association_sample":true,"moran_sample":true,"moran_i":0.004583542402482597,"moran_p_sim":0.3793,"moran_quadrant":"LL","moran_fdr":false,"moran_z":-0.04393826047436751,"moran_lag":-0.1050179133678114,"neighbors":["4301201001","4301201002","4315301002","4315301004","4315301005","4315301006"]},"geometry":{"type":"Polygon","coordinates":[[[365054.72420000006,4557705.9724],[365094.41170000006,4557579.765900001],[365128.80759999994,4557519.176200001],[365140.9785000002,4557471.0219],[365176.4297000002,4557207.242799999],[365148.62509999983,4556979.519099999],[365148.4648000002,4556927.499],[365235.32909999974,4556473.3598],[365398.2022000002,4556542.466499999],[365453.6012000004,4556404.8759],[365559.20050000027,4556284.9549],[365610.7703999998,4556262.044500001],[365640.32019999996,4556234.0042],[365628.8598999996,4556189.384199999],[365617.58860000037,4556022.534],[365480.39859999996,4556046.505100001],[365474.7084999997,4556037.0151],[365501.36840000004,4556017.324899999],[365394.34530000016,4556017.2667],[365383.12480000034,4555678.236099999],[364799.21800000034,4555632.896299999],[364567.14240000024,4555653.3596],[364506.2999999998,4555650.800000001],[364505.16559999995,4555688.2422],[364591.5,4555847.199999999],[364700.81099999975,4556092.287799999],[364692.0270999996,4556146.248299999],[364734.5099999998,4556274.974099999],[364702.5736999996,4556414.352299999],[364766.7313000001,4556514.2752],[364788.51630000025,4556588.6532000005],[364849.32969999965,4556607.0646],[364876.82070000004,4556640.5187],[364878.5672000004,4556665.8949],[364861.55069999956,4556743.973099999],[364890.39969999995,4556794.0107],[364901.6693000002,4556908.8846],[364872.56319999974,4556940.1691],[364889.08029999956,4557007.7366],[364954.38900000043,4557061.055],[364957.1978000002,4557081.9922],[364938.54789999966,4557159.8981],[364957.0610999996,4557263.148399999],[364914.7583999997,4557475.8818],[364912.5349000003,4557548.5339],[365037.2768000001,4557736.2589],[365054.72420000006,4557705.9724]]]}},{"type":"Feature","properties":{"cusec":"4315301002","mundissec":"43153601002","municipi_ine":"43153","pv_n":83,"pv_known_n":61,"pv_kw":286.0,"pv_edifici_n":83,"pv_edifici_known_n":61,"pv_edifici_kw":286.0,"buildings_n":622,"functional_n":616,"date_interval_n":155,"age_exact_n":461,"age_median_exact":49.0,"age_median_min":46.0,"age_median_max":50.0,"age_exact_fraction":0.7483766233766234,"pv_known_fraction":0.7349397590361446,"kw_per_100_buildings":46.42857142857143,"association_sample":true,"moran_sample":true,"moran_i":-0.02824351468941348,"moran_p_sim":0.3504,"moran_quadrant":"HL","moran_fdr":false,"moran_z":0.2011989674167045,"moran_lag":-0.1413181630320567,"neighbors":["4301201002","4315301001","4315301003","4315301005","4315301006","4315301007"]},"geometry":{"type":"MultiPolygon","coordinates":[[[[365452.98000000045,4554752.140000001],[365450.13999999966,4554748.16],[365447.0499999998,4554750.18],[365452.98000000045,4554752.140000001]]],[[[365528.0499999998,4554782.16],[365525.4299999997,4554781.0],[365526.8200000003,4554784.52],[365528.0499999998,4554782.16]]],[[[365533.0700000003,4554786.76],[365529.98000000045,4554784.73],[365532.01999999955,4554787.74],[365533.0700000003,4554786.76]]],[[[365543.51999999955,4554785.460000001],[365539.78000000026,4554786.02],[365543.8799999999,4554790.8100000005],[365543.51999999955,4554785.460000001]]],[[[366396.58999999985,4555636.24],[366227.96999999974,4555477.630000001],[366071.6799999997,4555291.09],[366025.0099999998,4555179.210000001],[366123.71999999974,4555126.34],[366135.4400000004,4555116.41],[366136.76999999955,4555101.85],[365938.54000000004,4554775.93],[365895.4299999997,4554738.57],[365826.7400000002,4554710.1],[365809.29000000004,4554712.380000001],[365799.08999999985,4554725.949999999],[365807.8200000003,4554744.1],[365823.98000000045,4554747.16],[365834.2000000002,4554737.699999999],[365849.03000000026,4554738.390000001],[365907.9400000004,4554779.619999999],[365920.1799999997,4554796.0],[365898.4000000004,4554809.199999999],[365896.1699999999,4554824.960000001],[365922.71999999974,4554810.77],[366089.23000000045,4555087.09],[366076.53000000026,4555094.289999999],[366080.3200000003,4555100.98],[365941.2999999998,4555185.15],[365795.0800000001,4554943.16],[365870.1500000004,4554897.890000001],[365876.4199999999,4554908.289999999],[365888.75,4554900.85],[365872.7999999998,4554874.41],[365860.3300000001,4554881.93],[365865.51999999955,4554890.529999999],[365789.0033,4554936.636600001],[365776.3200000003,4554911.890000001],[365763.16000000015,4554919.5600000005],[365760.2000000002,4554914.619999999],[365772.71999999974,4554907.369999999],[365768.2999999998,4554899.66],[365751.6900000004,4554910.24],[365715.1200000001,4554849.720000001],[365727.83999999985,4554842.57],[365729.3099999996,4554832.880000001],[365807.1500000004,4554839.949999999],[365810.88999999966,4554853.369999999],[365844.96999999974,4554832.93],[365839.23000000045,4554823.390000001],[365845.04000000004,4554810.66],[365827.2999999998,4554816.52],[365674.41000000015,4554803.24],[365607.1200000001,4554835.859999999],[365597.61000000034,4554821.17],[365580.2400000002,4554821.16],[365565.26999999955,4554802.98],[365546.8099999996,4554800.119999999],[365536.4299999997,4554787.369999999],[365531.73000000045,4554791.16],[365523.8099999996,4554786.050000001],[365511.33999999985,4554799.9399999995],[365470.8499999996,4554764.619999999],[365445.78000000026,4554761.8100000005],[365451.3700000001,4554756.65],[365445.08999999985,4554751.619999999],[365419.53000000026,4554749.57],[365393.58999999985,4554715.029999999],[365368.1299999999,4554737.33],[365353.86000000034,4554737.369999999],[365308.2599999998,4554689.32],[365274.3300000001,4554608.210000001],[365266.9299999997,4554608.890000001],[365265.6900000004,4554636.1],[365236.4500000002,4554668.710000001],[365208.20999999996,4554635.029999999],[365168.20999999996,4554638.51],[365136.1200000001,4554626.380000001],[365108.0599999996,4554629.640000001],[365089.7400000002,4554641.98],[365040.6299999999,4554630.869999999],[365032.41000000015,4554619.99],[365001.16000000015,4554630.970000001],[364936.21999999974,4554610.279999999],[364877.1500000004,4554622.050000001],[364874.54000000004,4554644.220000001],[364891.1200000001,4554652.26],[364896.79000000004,4554665.279999999],[364888.4718000004,4554707.8398],[364994.2000000002,4555110.1],[365018.7000000002,4555157.6],[364852.1542999996,4555474.0735],[364756.0999999996,4555613.6],[364768.0,4555634.300000001],[365768.56070000026,4555712.7773],[366231.2318000002,4555831.732799999],[366446.4824000001,4555898.5001],[366533.51850000024,4555730.570900001],[366396.58999999985,4555636.24]]]]}},{"type":"Feature","properties":{"cusec":"4315301003","mundissec":"43153601003","municipi_ine":"43153","pv_n":70,"pv_known_n":51,"pv_kw":315.0,"pv_edifici_n":70,"pv_edifici_known_n":51,"pv_edifici_kw":315.0,"buildings_n":692,"functional_n":681,"date_interval_n":112,"age_exact_n":569,"age_median_exact":53.0,"age_median_min":49.0,"age_median_max":51.0,"age_exact_fraction":0.8355359765051396,"pv_known_fraction":0.7285714285714285,"kw_per_100_buildings":46.25550660792952,"association_sample":true,"moran_sample":true,"moran_i":0.05111457051444626,"moran_p_sim":0.325,"moran_quadrant":"HH","moran_fdr":false,"moran_z":0.199212651296867,"moran_lag":0.25830498709936756,"neighbors":["4315301002","4315301004","4315301007","4315301008"]},"geometry":{"type":"MultiPolygon","coordinates":[[[[366851.0099999998,4555792.289999999],[366844.2999999998,4555790.470000001],[366841.8499999996,4555799.49],[366848.5599999996,4555801.3100000005],[366851.0099999998,4555792.289999999]]],[[[367158.0516999997,4556651.8376],[367097.19739999995,4556455.7809],[367131.0641999999,4556431.439200001],[367250.0245000003,4556132.619200001],[367154.2000000002,4556086.99],[366919.8099999996,4555929.300000001],[366707.5800000001,4555831.199999999],[366533.51850000024,4555730.570900001],[366460.1310999999,4555875.0733],[366376.09920000006,4556003.1318],[366524.19099999964,4556158.9473],[366581.8716000002,4556205.937100001],[366653.45299999975,4556249.4165],[366800.3415999999,4556293.648600001],[366725.49069999997,4556544.787699999],[366612.5050999997,4556536.3916],[366586.34360000025,4556632.6687],[366073.56259999983,4556452.6765],[366013.91220000014,4556394.0735],[365859.03330000024,4556596.0472],[365815.08110000007,4556640.0],[365826.5931000002,4556714.3007],[365954.26549999975,4556804.297800001],[366019.14800000004,4556834.645400001],[366156.2388000004,4556927.7819],[366436.3280999996,4557061.3905],[367126.3382000001,4557437.414799999],[367179.7093000002,4557447.8793],[367165.4600999998,4556725.1273],[367158.0516999997,4556651.8376]]]]}},{"type":"Feature","properties":{"cusec":"4315301004","mundissec":"43153601004","municipi_ine":"43153","pv_n":109,"pv_known_n":82,"pv_kw":332.0,"pv_edifici_n":109,"pv_edifici_known_n":82,"pv_edifici_kw":332.0,"buildings_n":550,"functional_n":546,"date_interval_n":96,"age_exact_n":450,"age_median_exact":40.0,"age_median_min":38.0,"age_median_max":40.0,"age_exact_fraction":0.8241758241758241,"pv_known_fraction":0.7522935779816514,"kw_per_100_buildings":60.8058608058608,"association_sample":true,"moran_sample":true,"moran_i":0.000988703708313355,"moran_p_sim":0.4909,"moran_quadrant":"HH","moran_fdr":false,"moran_z":0.34506569243169777,"moran_lag":0.0028844922155458266,"neighbors":["4301201001","4315301001","4315301003","4311101001","4315301006","4315301007","4315301008"]},"geometry":{"type":"Polygon","coordinates":[[[365394.4000000004,4558579.800000001],[365471.5630000001,4558506.647600001],[365718.47140000015,4558191.0887],[365850.93539999984,4558110.855],[365914.4746000003,4558052.430500001],[365989.6980999997,4557955.1742],[366112.90419999976,4557760.634],[366259.28890000004,4557624.296700001],[366453.0427000001,4557697.7787999995],[366896.38439999986,4557962.121300001],[367188.74459999986,4557815.509],[367179.7093000002,4557447.8793],[367126.3382000001,4557437.414799999],[366436.3280999996,4557061.3905],[366156.2388000004,4556927.7819],[366019.14800000004,4556834.645400001],[365954.26549999975,4556804.297800001],[365826.5931000002,4556714.3007],[365815.08110000007,4556640.0],[365859.03330000024,4556596.0472],[366013.91220000014,4556394.0735],[366073.56259999983,4556452.6765],[366586.34360000025,4556632.6687],[366612.5050999997,4556536.3916],[366725.49069999997,4556544.787699999],[366774.4360999996,4556381.8846],[366750.80649999995,4556373.4461],[366579.8426999999,4556366.317299999],[366494.7424999997,4556354.437899999],[366113.2111999998,4556282.0907000005],[365866.0007999996,4556266.3925],[365751.84109999985,4556330.6335],[365616.28110000025,4556350.624600001],[365502.62090000045,4556349.205399999],[365453.6012000004,4556404.8759],[365398.2022000002,4556542.466499999],[365235.32909999974,4556473.3598],[365148.4648000002,4556927.499],[365148.62509999983,4556979.519099999],[365176.4297000002,4557207.242799999],[365140.9785000002,4557471.0219],[365134.0992999999,4557506.740700001],[365094.41170000006,4557579.765900001],[365063.9846000001,4557683.4827],[365037.2768000001,4557736.2589],[365099.7000000002,4557830.199999999],[365123.3205000004,4557900.878799999],[365139.49980000034,4558176.2806],[365162.7999999998,4558345.800000001],[365261.7000000002,4558361.800000001],[365266.0999999996,4558390.6],[365394.4000000004,4558579.800000001]]]}},{"type":"Feature","properties":{"cusec":"4315301005","mundissec":"43153601005","municipi_ine":"43153","pv_n":3,"pv_known_n":2,"pv_kw":7.0,"pv_edifici_n":3,"pv_edifici_known_n":2,"pv_edifici_kw":7.0,"buildings_n":144,"functional_n":142,"date_interval_n":14,"age_exact_n":128,"age_median_exact":57.0,"age_median_min":55.5,"age_median_max":56.0,"age_exact_fraction":0.9014084507042254,"pv_known_fraction":0.6666666666666666,"kw_per_100_buildings":4.929577464788732,"association_sample":true,"moran_sample":true,"moran_i":0.1085306681197661,"moran_p_sim":0.397,"moran_quadrant":"LL","moran_fdr":false,"moran_z":-0.9285899821154903,"moran_lag":-0.1176612541270638,"neighbors":["4315301001","4315301002","4315301006"]},"geometry":{"type":"Polygon","coordinates":[[[365480.39859999996,4556046.505100001],[365793.22059999965,4555997.6085],[365881.86679999996,4556009.6568],[365948.5527999997,4555755.0231],[365768.56070000026,4555712.7773],[365383.12480000034,4555678.236099999],[365394.34530000016,4556017.2667],[365501.36840000004,4556017.324899999],[365474.7084999997,4556037.0151],[365480.39859999996,4556046.505100001]]]}},{"type":"Feature","properties":{"cusec":"4315301006","mundissec":"43153601006","municipi_ine":"43153","pv_n":4,"pv_known_n":4,"pv_kw":17.0,"pv_edifici_n":4,"pv_edifici_known_n":4,"pv_edifici_kw":17.0,"buildings_n":146,"functional_n":144,"date_interval_n":18,"age_exact_n":126,"age_median_exact":49.5,"age_median_min":46.5,"age_median_max":49.0,"age_exact_fraction":0.875,"pv_known_fraction":1.0,"kw_per_100_buildings":11.805555555555555,"association_sample":true,"moran_sample":true,"moran_i":0.017412651350881263,"moran_p_sim":0.4525,"moran_quadrant":"LL","moran_fdr":false,"moran_z":-0.5102444693235284,"moran_lag":-0.03435512942650145,"neighbors":["4315301001","4315301002","4315301004","4315301005","4315301007"]},"geometry":{"type":"Polygon","coordinates":[[[365616.28110000025,4556350.624600001],[365751.84109999985,4556330.6335],[365874.2907999996,4556261.852499999],[366012.6588000003,4555973.1109],[366026.45419999957,4555933.058499999],[366044.4743999997,4555781.363600001],[365948.5527999997,4555755.0231],[365881.86679999996,4556009.6568],[365793.22059999965,4555997.6085],[365617.58860000037,4556022.534],[365628.8598999996,4556189.384199999],[365640.32019999996,4556234.0042],[365610.7703999998,4556262.044500001],[365559.20050000027,4556284.9549],[365502.62090000045,4556349.205399999],[365616.28110000025,4556350.624600001]]]}},{"type":"Feature","properties":{"cusec":"4315301007","mundissec":"43153601007","municipi_ine":"43153","pv_n":32,"pv_known_n":24,"pv_kw":156.0,"pv_edifici_n":32,"pv_edifici_known_n":24,"pv_edifici_kw":156.0,"buildings_n":309,"functional_n":304,"date_interval_n":43,"age_exact_n":261,"age_median_exact":55.0,"age_median_min":51.0,"age_median_max":55.0,"age_exact_fraction":0.8585526315789473,"pv_known_fraction":0.75,"kw_per_100_buildings":51.31578947368421,"association_sample":true,"moran_sample":true,"moran_i":0.014866206875155875,"moran_p_sim":0.4782,"moran_quadrant":"HH","moran_fdr":false,"moran_z":0.2544879356089482,"moran_lag":0.05880821045543522,"neighbors":["4315301002","4315301003","4315301004","4315301006"]},"geometry":{"type":"Polygon","coordinates":[[[366774.4360999996,4556381.8846],[366800.3415999999,4556293.648600001],[366653.45299999975,4556249.4165],[366581.8716000002,4556205.937100001],[366524.19099999964,4556158.9473],[366376.09920000006,4556003.1318],[366446.4824000001,4555898.5001],[366044.4743999997,4555781.363600001],[366026.45419999957,4555933.058499999],[366012.6588000003,4555973.1109],[365874.2907999996,4556261.852499999],[365866.0007999996,4556266.3925],[366113.2111999998,4556282.0907000005],[366579.8426999999,4556366.317299999],[366750.80649999995,4556373.4461],[366774.4360999996,4556381.8846]]]}},{"type":"Feature","properties":{"cusec":"4315301008","mundissec":"43153601008","municipi_ine":"43153","pv_n":81,"pv_known_n":61,"pv_kw":420.0,"pv_edifici_n":81,"pv_edifici_known_n":61,"pv_edifici_kw":420.0,"buildings_n":862,"functional_n":853,"date_interval_n":185,"age_exact_n":668,"age_median_exact":46.0,"age_median_min":42.0,"age_median_max":46.0,"age_exact_fraction":0.7831184056271981,"pv_known_fraction":0.7530864197530864,"kw_per_100_buildings":49.2379835873388,"association_sample":true,"moran_sample":true,"moran_i":0.01601308720374679,"moran_p_sim":0.4706,"moran_quadrant":"HH","moran_fdr":false,"moran_z":0.2324673529401197,"moran_lag":0.06934546887457774,"neighbors":["4311101001","4305001002","4315301003","4315301004"]},"geometry":{"type":"Polygon","coordinates":[[[367821.7000000002,4558225.699999999],[368085.7999999998,4558078.1],[368117.5,4558093.1],[368209.3858000003,4558030.5768],[368423.5999999996,4557957.9],[368438.64549999963,4557940.8795],[368478.7000000002,4557970.699999999],[368586.95100000035,4557893.832],[368795.5,4557719.9],[368888.801,4557619.5030000005],[368976.21499999985,4557481.699999999],[369138.9068999998,4557159.0364],[369037.54000000004,4557117.130000001],[368920.5099999998,4557054.380000001],[368888.3799999999,4557029.26],[368795.4199999999,4556988.4399999995],[368550.2400000002,4556833.68],[368347.9400000004,4556752.140000001],[368120.1799999997,4556622.220000001],[368004.2000000002,4556573.880000001],[367866.8200000003,4556495.050000001],[367817.2000000002,4556457.789999999],[367656.03000000026,4556369.93],[367498.1699999999,4556264.470000001],[367250.0245000003,4556132.619200001],[367131.0641999999,4556431.439200001],[367097.19739999995,4556455.7809],[367163.87260000035,4556687.0272],[367188.74459999986,4557815.509],[367267.61400000006,4557775.957699999],[367495.1794999996,4557721.931399999],[367847.0767999999,4557937.348200001],[367821.7000000002,4558225.699999999]]]}},{"type":"Feature","properties":{"cusec":"4316401001","mundissec":"43164901001","municipi_ine":"43164","pv_n":40,"pv_known_n":31,"pv_kw":205.0,"pv_edifici_n":39,"pv_edifici_known_n":30,"pv_edifici_kw":165.0,"buildings_n":481,"functional_n":467,"date_interval_n":148,"age_exact_n":319,"age_median_exact":46.0,"age_median_min":32.0,"age_median_max":46.0,"age_exact_fraction":0.683083511777302,"pv_known_fraction":0.7692307692307693,"kw_per_100_buildings":35.33190578158458,"association_sample":true,"moran_sample":true,"moran_i":0.01160780898976472,"moran_p_sim":0.3154,"moran_quadrant":"HH","moran_fdr":false,"moran_z":0.056378571816379563,"moran_lag":0.20727225560350676,"neighbors":["4304301001","4309701001","4311101001","4312201001","4312601001","4313501001"]},"geometry":{"type":"Polygon","coordinates":[[[362717.7592000002,4565069.335000001],[362817.7605999997,4565048.8597],[362859.2999999998,4565047.800000001],[363443.5,4564733.0],[363653.0999999996,4564650.0],[364776.0,4564516.5],[365082.5999999996,4564519.5],[365083.4000000004,4564285.6],[365162.7999999998,4563684.9],[365451.5999999996,4562819.4],[365376.5,4562596.4],[364952.77639999986,4562179.6883000005],[364585.10950000025,4562193.506999999],[364068.1277999999,4561750.3838],[363738.4642000003,4561482.1768],[363596.8598999996,4561275.730599999],[363040.6917000003,4560630.5744],[362955.7999999998,4560586.199999999],[362016.7000000002,4559702.800000001],[361928.41530000046,4559743.710999999],[361608.15830000024,4559484.6349],[361188.2644999996,4559340.613500001],[361076.78359999973,4559379.9593],[360832.0999999996,4559293.4],[361008.0,4559926.5],[360994.34640000015,4559952.329399999],[360988.4715,4559986.627599999],[361022.5033,4560094.117900001],[361044.6031999998,4560223.646500001],[361027.4928000001,4560286.786],[361027.0349000003,4560318.7127],[361055.51549999975,4560417.1457],[361054.05989999976,4560474.7651],[361061.53589999955,4560508.884199999],[361054.9643000001,4560539.042300001],[361066.8439999996,4560621.539000001],[360884.5225999998,4560998.7862],[360860.9534,4561015.103700001],[360786.0148,4561023.968],[360750.6763000004,4561075.7257],[360739.7719999999,4561128.267000001],[360695.16220000014,4561221.453600001],[360644.6054999996,4561460.3675999995],[360622.9000000004,4561512.699999999],[359753.2999999998,4562093.0],[359891.77190000005,4562176.120200001],[359938.20189999975,4562222.5495],[360079.81400000025,4562454.6965],[360139.01269999985,4562574.2524],[360177.3174999999,4562623.0032],[360195.88939999975,4562635.771199999],[360248.12289999984,4562650.860400001],[360359.55399999954,4562655.5024999995],[360392.05480000004,4562661.306],[360417.5911999997,4562676.395400001],[360445.4494000003,4562723.9856],[360488.39800000004,4562885.328199999],[360512.7740000002,4562941.0436],[360541.79279999994,4562975.865599999],[360613.7588999998,4563010.6873],[360683.4035,4563026.937100001],[360754.20859999955,4563015.3292],[360830.8175999997,4563026.936000001],[360903.94460000005,4563078.007999999],[360988.6794999996,4563185.9562],[361023.5022999998,4563255.600400001],[361029.3063000003,4563298.547800001],[361023.50299999956,4563349.6204],[360978.23429999966,4563380.9608],[360959.6624999996,4563378.6394],[360883.05319999997,4563322.9244],[360860.99909999967,4563319.442399999],[360801.8015999999,4563355.425799999],[360757.6939000003,4563421.588400001],[360749.56900000013,4563451.7677],[360742.6057000002,4563614.271400001],[360757.69629999995,4563733.8276],[360787.87600000016,4563794.185900001],[360826.5,4563848.0],[360930.3909999998,4563948.555500001],[360987.34109999985,4563951.6099],[361043.4247000003,4563911.204700001],[361090.64049999975,4563896.9859],[361119.61400000006,4563903.1559],[361141.34420000017,4563923.8127],[361152.07540000044,4563963.2487],[361145.25129999965,4564029.2247],[361123.08330000006,4564102.381200001],[361116.5809000004,4564158.837200001],[361111.8520999998,4564221.2049],[361122.78920000046,4564300.7161],[361104.66330000013,4564368.905200001],[361106.75820000004,4564408.964400001],[361169.4040999999,4564447.942399999],[361213.19350000005,4564384.3136],[361267.14439999964,4564354.555400001],[361293.2731999997,4564353.587400001],[361324.4241000004,4564375.796800001],[361345.9296000004,4564409.0319],[361366.2138,4564529.754000001],[361383.56489999965,4564579.606799999],[361372.5685999999,4564663.7948],[361410.4474999998,4564716.8244],[361415.3351999996,4564739.307],[361434.1524,4564766.432700001],[361468.6096999999,4564775.963199999],[361499.88989999983,4564766.6766],[361545.83249999955,4564728.309],[361564.8936999999,4564700.9387],[361655.68400000036,4564661.9561],[361758.76680000033,4564587.481000001],[361796.23089999985,4564573.176200001],[361820.98000000045,4564575.2195],[361835.0574000003,4564560.6877999995],[361858.6710999999,4564552.740700001],[361886.3722000001,4564590.204700001],[361901.35840000026,4564649.920299999],[361922.70189999975,4564690.336100001],[361932.91980000027,4564732.568399999],[361930.19570000004,4564804.5452],[361958.8053000001,4564884.3551],[361959.4868000001,4564930.2204],[362001.03839999996,4564974.950099999],[361994.7999999998,4565005.5],[362315.2000000002,4565051.6],[362654.5434999997,4565053.137399999],[362717.7592000002,4565069.335000001]]]}},{"type":"Feature","properties":{"cusec":"4316601001","mundissec":"43166501001","municipi_ine":"43166","pv_n":87,"pv_known_n":71,"pv_kw":2111.0,"pv_edifici_n":87,"pv_edifici_known_n":71,"pv_edifici_kw":2111.0,"buildings_n":824,"functional_n":777,"date_interval_n":135,"age_exact_n":642,"age_median_exact":56.0,"age_median_min":50.0,"age_median_max":55.0,"age_exact_fraction":0.8262548262548263,"pv_known_fraction":0.8160919540229885,"kw_per_100_buildings":271.6859716859717,"association_sample":true,"moran_sample":true,"moran_i":0.7340195610672003,"moran_p_sim":0.0811,"moran_quadrant":"HH","moran_fdr":false,"moran_z":1.1515842427721115,"moran_lag":0.6416776466716605,"neighbors":["4310301001","4309501002","4309501001","4310901002"]},"geometry":{"type":"Polygon","coordinates":[[[348096.7999999998,4566112.800000001],[348136.5081000002,4566075.622300001],[348208.9297000002,4566030.358100001],[348256.0889999997,4566014.556600001],[348310.8306999998,4565910.910599999],[348410.4276999999,4565770.196699999],[348545.8224999998,4565540.5177],[348787.9921000004,4565173.024499999],[348791.0999999996,4565163.0],[348778.85819999967,4565165.419199999],[348740.7829,4565139.6995],[348647.6196999997,4565053.4943],[348569.0273000002,4564897.0645],[348522.7999999998,4564844.0],[348819.7000000002,4564490.6],[349551.5999999996,4565406.9],[349599.18840000033,4565427.4746],[349622.5111999996,4565405.7599],[349646.7368000001,4565362.988299999],[349680.59389999975,4565270.801999999],[349708.9665999999,4565219.7513999995],[349860.2533,4565005.747300001],[349978.0338000003,4564922.201400001],[350077.7076000003,4564880.9893],[350128.3744999999,4564846.9427000005],[350146.8340999996,4564807.106899999],[350113.77990000043,4564709.9825],[350114.16500000004,4564685.2904],[350130.51769999973,4564653.6568],[350267.5999999996,4564652.199999999],[350415.4000000004,4564498.199999999],[350415.21609999985,4564476.2271],[350479.4343999997,4564402.581800001],[350514.7555999998,4564343.325999999],[350521.61450000014,4564252.9867],[350569.4364,4564210.5374],[350669.97420000006,4564178.901799999],[350742.2000000002,4564212.9],[350523.8739,4563092.886700001],[350990.61679999996,4563053.6905000005],[350998.7845999999,4562959.4498],[350954.1683,4562728.929400001],[350930.5502000004,4562657.933499999],[350748.52799999993,4562748.250399999],[350763.1682000002,4562777.9308],[350507.96520000044,4562809.138800001],[349682.5071999999,4563107.3991],[349613.4813000001,4562612.322799999],[349596.01889999956,4562631.499],[349527.7368999999,4562651.0285],[349416.77020000014,4562633.5229],[349362.80759999994,4562652.513699999],[349278.1514999997,4562696.773],[349215.2103000004,4562694.240499999],[348975.13630000036,4562289.5372],[348842.60919999983,4562369.0647],[348834.5725999996,4562360.3188000005],[348690.3733999999,4562097.986],[348499.5,4561794.0],[348252.0999999996,4561823.6],[348592.3224999998,4562390.594699999],[348208.2407999998,4562571.0548],[347839.4000000004,4561870.1],[347675.5608999999,4561882.7904],[347618.5800000001,4561859.188200001],[347556.91669999994,4561883.4683],[347458.2402999997,4561895.630999999],[347376.68259999994,4561934.7951],[347328.1604000004,4561979.9197],[347267.38210000005,4562003.819399999],[347171.6947999997,4562073.181],[347085.63740000036,4562112.575200001],[347250.7396999998,4562503.93],[347085.4000000004,4562635.199999999],[347121.0554999998,4562742.078299999],[347238.43489999976,4562898.090299999],[347284.7106999997,4563013.890000001],[347385.9434000002,4563387.566199999],[347391.15380000044,4563524.6262],[347402.9154000003,4563578.5561],[347505.8510999996,4563741.262700001],[347557.0075000003,4563794.431700001],[347596.7812999999,4563852.215299999],[347705.64749999996,4564076.019400001],[347770.65940000024,4564103.1099],[347708.4216,4564104.1545],[347639.4707000004,4564119.213300001],[347534.06259999983,4564097.221100001],[347398.7477000002,4564094.4342],[347324.4824999999,4564123.495100001],[347213.0999999996,4564139.9],[347398.4000000004,4564951.6],[346887.0,4565237.199999999],[346998.5999999996,4565405.4],[347519.9000000004,4565156.0],[347587.4000000004,4565255.199999999],[347875.2999999998,4565754.0],[347887.4205,4565738.397700001],[347907.5,4565733.1],[348020.33889999986,4565991.385],[348088.31099999975,4566106.0353999995],[348096.7999999998,4566112.800000001]]]}},{"type":"Feature","properties":{"cusec":"4317101001","mundissec":"43171101001","municipi_ine":"43171","pv_n":58,"pv_known_n":46,"pv_kw":527.0,"pv_edifici_n":58,"pv_edifici_known_n":46,"pv_edifici_kw":527.0,"buildings_n":492,"functional_n":478,"date_interval_n":61,"age_exact_n":417,"age_median_exact":29.0,"age_median_min":26.0,"age_median_max":28.5,"age_exact_fraction":0.8723849372384938,"pv_known_fraction":0.7931034482758621,"kw_per_100_buildings":110.2510460251046,"association_sample":true,"moran_sample":true,"moran_i":0.017610936957414502,"moran_p_sim":0.4735,"moran_quadrant":"HH","moran_fdr":false,"moran_z":0.6644466898451646,"moran_lag":0.026682548707276703,"neighbors":["4317101009","4317101010","4317101011","4317101012","4317101003","4317101004","4317101005","4317101006"]},"geometry":{"type":"Polygon","coordinates":[[[345314.2999999998,4553271.9],[345466.3903999999,4553020.7347],[344684.8355999999,4553008.8983],[344580.9863999998,4552998.976399999],[344404.9632000001,4552869.4035],[344340.1255000001,4552801.270099999],[344330.0208999999,4552777.660499999],[344223.08829999994,4552700.7184999995],[344189.77979999967,4552661.3213],[344156.67030000035,4552730.3717],[344061.4305999996,4552795.1325],[343989.33779999986,4552914.186899999],[343923.4900000002,4552995.0013999995],[343679.7625000002,4553119.6359],[343503.45880000014,4553238.4442],[343682.00129999965,4553341.371099999],[344007.4395000003,4553477.896400001],[344126.5022,4553541.396500001],[344205.08359999955,4553593.7841],[344308.6682000002,4553678.318600001],[344376.13709999993,4553747.375],[344578.4659000002,4553988.4953000005],[344891.5,4554015.1],[345314.2999999998,4553271.9]]]}},{"type":"Feature","properties":{"cusec":"4317101002","mundissec":"43171101002","municipi_ine":"43171","pv_n":52,"pv_known_n":39,"pv_kw":255.0,"pv_edifici_n":52,"pv_edifici_known_n":39,"pv_edifici_kw":255.0,"buildings_n":413,"functional_n":409,"date_interval_n":70,"age_exact_n":339,"age_median_exact":35.0,"age_median_min":34.0,"age_median_max":35.0,"age_exact_fraction":0.8288508557457213,"pv_known_fraction":0.75,"kw_per_100_buildings":62.34718826405868,"association_sample":true,"moran_sample":true,"moran_i":-0.1100711460598395,"moran_p_sim":0.2249,"moran_quadrant":"HL","moran_fdr":false,"moran_z":0.35844986354790664,"moran_lag":-0.3091363391436229,"neighbors":["4317101007","4317101009","4317101012","4390501011","4390501012","4317101003"]},"geometry":{"type":"Polygon","coordinates":[[[343359.0069000004,4553123.933700001],[343535.89070000034,4552904.3467],[343641.2611999996,4552953.575999999],[343880.31010000035,4552764.743899999],[344051.9495000001,4552643.4224],[344074.9294999996,4552637.642200001],[344080.7751000002,4552562.253799999],[344106.19859999977,4552513.2117],[344073.52830000035,4552487.6219999995],[343984.3479000004,4552447.3226],[343958.40770000033,4552409.1426],[343898.6774000004,4552400.043],[343834.2125000004,4552378.7316],[343524.4466000004,4552234.7157000005],[343492.3353000004,4552205.0659],[343464.61400000006,4552155.176100001],[343415.4134999998,4551987.976199999],[343396.3931999998,4551948.317299999],[343357.16280000005,4551901.897500001],[343304.70040000044,4551878.1788],[343411.7737999996,4551731.8891],[343325.5604999997,4551606.486199999],[343273.9495000001,4551486.2665],[343167.61789999995,4551298.937000001],[343053.9068999998,4551191.877699999],[342939.0954999998,4551027.4783],[342860.7999999998,4550930.4],[342749.18460000027,4550950.989600001],[342593.8542999998,4550942.2708],[342533.5547000002,4551002.0912999995],[342498.6150000002,4551051.681700001],[342441.2999999998,4551104.5],[342303.97449999955,4551019.553099999],[342084.40380000044,4550984.5747],[341804.39169999957,4550759.146500001],[341629.19020000007,4550602.797599999],[341566.2198999999,4550566.757999999],[341432.9494000003,4550532.8089000005],[341213.15759999957,4550338.8203],[341044.2467,4550256.9815],[340741.8156000003,4550173.4136],[340613.41500000004,4550125.864499999],[340504.75490000006,4550132.545399999],[340447.8521999996,4550111.8105999995],[340266.7000000002,4550413.0],[340161.0999999996,4550481.1],[340135.3854,4550527.461999999],[340076.4797,4550593.423699999],[339982.0920000002,4550638.3956],[339970.14609999955,4550684.0726],[339929.8388,4550743.454700001],[339920.9581000004,4550791.3736000005],[340014.0999999996,4551235.300000001],[339976.24760000035,4551348.8313],[339926.7000000002,4551464.0],[340006.0999999996,4551739.1],[339966.7000000002,4552085.199999999],[339951.4000000004,4552557.9],[340194.5,4552709.1],[340585.7000000002,4553115.1],[340767.5,4553118.9],[341076.0999999996,4552838.199999999],[341543.2000000002,4552348.300000001],[341386.2000000002,4552266.300000001],[341473.2000000002,4552164.5],[342471.7999999998,4551795.4],[342695.7999999998,4551882.5],[342696.4000000004,4552233.4],[342811.5999999996,4552414.6],[342799.3688000003,4552436.711200001],[342931.7307000002,4552588.606799999],[343165.00009999983,4552912.9695],[343269.2505000001,4553038.9517],[343359.0069000004,4553123.933700001]]]}},{"type":"Feature","properties":{"cusec":"4317101003","mundissec":"43171101003","municipi_ine":"43171","pv_n":0,"pv_known_n":0,"pv_kw":0.0,"pv_edifici_n":0,"pv_edifici_known_n":0,"pv_edifici_kw":0.0,"buildings_n":49,"functional_n":49,"date_interval_n":2,"age_exact_n":47,"age_median_exact":56.0,"age_median_min":56.0,"age_median_max":56.0,"age_exact_fraction":0.9591836734693877,"pv_known_fraction":null,"kw_per_100_buildings":0.0,"association_sample":false,"moran_sample":true,"moran_i":-0.25091222561554954,"moran_p_sim":0.4114,"moran_quadrant":"LH","moran_fdr":false,"moran_z":-1.8957416166236878,"moran_lag":0.1332440022781077,"neighbors":["4317101007","4317101009","4317101001","4317101002","4317101004"]},"geometry":{"type":"Polygon","coordinates":[[[344189.77979999967,4552661.3213],[344268.4090999998,4552548.6006000005],[344433.56850000005,4552437.429099999],[344461.15919999965,4552407.952],[343958.40770000033,4552409.1426],[343984.3479000004,4552447.3226],[344099.1085000001,4552504.1818],[344189.77979999967,4552661.3213]]]}},{"type":"Feature","properties":{"cusec":"4317101004","mundissec":"43171101004","municipi_ine":"43171","pv_n":18,"pv_known_n":11,"pv_kw":52.0,"pv_edifici_n":18,"pv_edifici_known_n":11,"pv_edifici_kw":52.0,"buildings_n":312,"functional_n":294,"date_interval_n":17,"age_exact_n":277,"age_median_exact":100.0,"age_median_min":77.0,"age_median_max":96.0,"age_exact_fraction":0.9421768707482994,"pv_known_fraction":0.6111111111111112,"kw_per_100_buildings":17.687074829931973,"association_sample":true,"moran_sample":true,"moran_i":0.027195850375141876,"moran_p_sim":0.3934,"moran_quadrant":"LL","moran_fdr":false,"moran_z":-0.3048806953535247,"moran_lag":-0.0898002834490208,"neighbors":["4317101007","4317101009","4317101011","4317101001","4317101003","4317101005"]},"geometry":{"type":"Polygon","coordinates":[[[344352.9112999998,4552816.360300001],[344358.18209999986,4552686.609099999],[344389.6513,4552646.1391],[344443.00930000003,4552594.299900001],[344472.8203999996,4552624.6592999995],[344587.9331,4552511.698899999],[344535.21779999975,4552452.2303],[344545.6782999998,4552413.690400001],[344461.15919999965,4552407.952],[344433.56850000005,4552437.429099999],[344268.4090999998,4552548.6006000005],[344247.8691999996,4552569.140799999],[344189.77979999967,4552661.3213],[344223.08829999994,4552700.7184999995],[344330.0208999999,4552777.660499999],[344352.9112999998,4552816.360300001]]]}},{"type":"Feature","properties":{"cusec":"4317101005","mundissec":"43171101005","municipi_ine":"43171","pv_n":6,"pv_known_n":3,"pv_kw":13.0,"pv_edifici_n":6,"pv_edifici_known_n":3,"pv_edifici_kw":13.0,"buildings_n":126,"functional_n":123,"date_interval_n":14,"age_exact_n":109,"age_median_exact":54.0,"age_median_min":53.0,"age_median_max":56.0,"age_exact_fraction":0.8861788617886179,"pv_known_fraction":0.5,"kw_per_100_buildings":10.56910569105691,"association_sample":true,"moran_sample":true,"moran_i":-0.35413334301423066,"moran_p_sim":0.0667,"moran_quadrant":"LH","moran_fdr":false,"moran_z":-0.5654175064058727,"moran_lag":0.6305253601469683,"neighbors":["4317101010","4317101011","4317101001","4317101004","4317101006"]},"geometry":{"type":"Polygon","coordinates":[[[344442.6956000002,4552897.9464],[344677.58779999986,4552585.983200001],[344737.0603,4552481.7706],[344545.6782999998,4552413.690400001],[344535.21779999975,4552452.2303],[344587.9331,4552511.698899999],[344472.8203999996,4552624.6592999995],[344443.00930000003,4552594.299900001],[344358.18209999986,4552686.609099999],[344352.9112999998,4552816.360300001],[344442.6956000002,4552897.9464]]]}},{"type":"Feature","properties":{"cusec":"4317101006","mundissec":"43171101006","municipi_ine":"43171","pv_n":19,"pv_known_n":10,"pv_kw":60.0,"pv_edifici_n":19,"pv_edifici_known_n":10,"pv_edifici_kw":60.0,"buildings_n":100,"functional_n":99,"date_interval_n":12,"age_exact_n":87,"age_median_exact":39.0,"age_median_min":39.0,"age_median_max":39.0,"age_exact_fraction":0.8787878787878788,"pv_known_fraction":0.5263157894736842,"kw_per_100_buildings":60.60606060606061,"association_sample":true,"moran_sample":true,"moran_i":0.14084903957600972,"moran_p_sim":0.2514,"moran_quadrant":"HH","moran_fdr":false,"moran_z":0.3433063303600211,"moran_lag":0.4130256933943978,"neighbors":["4317101001","4317101010","4317101005"]},"geometry":{"type":"Polygon","coordinates":[[[344837.9634999996,4552730.0931],[344677.58779999986,4552585.983200001],[344442.6956000002,4552897.9464],[344571.3953,4552995.338400001],[344590.6255999999,4552999.9695999995],[344837.9634999996,4552730.0931]]]}},{"type":"Feature","properties":{"cusec":"4317101007","mundissec":"43171101007","municipi_ine":"43171","pv_n":3,"pv_known_n":3,"pv_kw":17.0,"pv_edifici_n":3,"pv_edifici_known_n":3,"pv_edifici_kw":17.0,"buildings_n":159,"functional_n":158,"date_interval_n":17,"age_exact_n":141,"age_median_exact":51.0,"age_median_min":48.5,"age_median_max":51.5,"age_exact_fraction":0.8924050632911392,"pv_known_fraction":1.0,"kw_per_100_buildings":10.759493670886076,"association_sample":true,"moran_sample":true,"moran_i":0.10231089263906018,"moran_p_sim":0.323,"moran_quadrant":"LL","moran_fdr":false,"moran_z":-0.556548467813166,"moran_lag":-0.18506482163167998,"neighbors":["4317101011","4390501012","4317101002","4317101003","4317101004"]},"geometry":{"type":"Polygon","coordinates":[[[344312.8026999999,4552131.158299999],[344233.4277999997,4552188.3091],[344153.2578999996,4552076.3906],[344234.22030000016,4552019.239800001],[344099.28029999975,4551758.096100001],[344108.0115,4551742.220899999],[344107.21750000026,4551708.0896000005],[344095.31070000026,4551653.320800001],[344050.06630000006,4551579.5021],[343977.0399000002,4551431.070800001],[343851.62540000025,4551218.346000001],[343826.2251000004,4551195.327400001],[343778.5789000001,4551173.8478999995],[343619.9000000004,4551168.300000001],[343618.0,4551144.699999999],[343554.9000000004,4551148.9],[343494.2193999998,4551420.9147],[343442.99039999954,4551566.4253],[343408.3713999996,4551713.865800001],[343412.5756999999,4551735.9717],[343304.70040000044,4551878.1788],[343357.16280000005,4551901.897500001],[343396.3931999998,4551948.317299999],[343415.4134999998,4551987.976199999],[343464.61400000006,4552155.176100001],[343492.3353000004,4552205.0659],[343524.4466000004,4552234.7157000005],[343834.2125000004,4552378.7316],[343898.6774000004,4552400.043],[343986.2876000004,4552409.682399999],[344397.0571999997,4552405.487400001],[344503.37959999964,4552410.8215],[344312.8026999999,4552131.158299999]]]}},{"type":"Feature","properties":{"cusec":"4317101008","mundissec":"43171101008","municipi_ine":"43171","pv_n":7,"pv_known_n":6,"pv_kw":588.0,"pv_edifici_n":7,"pv_edifici_known_n":6,"pv_edifici_kw":588.0,"buildings_n":130,"functional_n":125,"date_interval_n":12,"age_exact_n":113,"age_median_exact":40.0,"age_median_min":37.0,"age_median_max":39.0,"age_exact_fraction":0.904,"pv_known_fraction":0.8571428571428571,"kw_per_100_buildings":470.4,"association_sample":true,"moran_sample":true,"moran_i":1.5798648719346984,"moran_p_sim":0.0113,"moran_quadrant":"HH","moran_fdr":false,"moran_z":1.4490108697860542,"moran_lag":1.0976232304699,"neighbors":["4317101011","4317101013","4390501001"]},"geometry":{"type":"Polygon","coordinates":[[[347504.1632000003,4549048.972200001],[347417.9748999998,4548906.3705],[347393.0536000002,4548843.0155],[347210.5184000004,4548511.057499999],[347025.7988,4548085.145099999],[347015.93659999967,4547930.6724],[347024.4812000003,4547845.888],[347054.5055999998,4547773.5132],[347082.7243999997,4547740.754899999],[347100.8496000003,4547749.164799999],[347133.4539999999,4547706.175000001],[346842.5,4547656.5],[346806.53610000014,4547678.0737],[346736.3661000002,4547695.8443],[346637.51719999965,4547858.5953],[346606.51960000023,4548171.606000001],[346604.0412999997,4548394.976299999],[346575.9729000004,4548611.276900001],[346554.70330000017,4548668.097100001],[346507.5546000004,4548856.2578],[346470.2451999998,4548941.358200001],[346423.28670000006,4549145.208799999],[346398.69710000046,4549199.8390999995],[346326.8289999999,4549465.7201000005],[346322.61959999986,4549545.4002],[346283.80069999956,4549706.9508],[346248.2000000002,4549792.6],[346332.20380000025,4549873.9811],[346418.3523000004,4549986.799699999],[346478.88910000026,4550108.084899999],[346622.54729999974,4550511.0995000005],[346649.7478,4550561.2194],[346767.46920000017,4550721.798699999],[346830.8635999998,4550614.458900001],[346880.81709999964,4550550.535499999],[347057.7707000002,4550420.360200001],[347115.55590000004,4550363.633400001],[347285.1012000004,4550124.6613],[347349.2363,4549814.569],[347349.87129999977,4549774.775599999],[347333.1496000001,4549741.1205],[347135.6113,4549476.0075],[347287.2178999996,4549348.5309999995],[347309.28419999965,4549309.0022],[347322.7779000001,4549235.818299999],[347346.9079999998,4549186.1294],[347392.7867999999,4549144.0605999995],[347433.9031999996,4549123.2643],[347428.2357999999,4549103.1537999995],[347432.8364000004,4549090.3522],[347504.1632000003,4549048.972200001]]]}},{"type":"Feature","properties":{"cusec":"4317101009","mundissec":"43171101009","municipi_ine":"43171","pv_n":37,"pv_known_n":32,"pv_kw":145.0,"pv_edifici_n":37,"pv_edifici_known_n":32,"pv_edifici_kw":145.0,"buildings_n":179,"functional_n":177,"date_interval_n":40,"age_exact_n":137,"age_median_exact":35.0,"age_median_min":35.0,"age_median_max":35.0,"age_exact_fraction":0.7740112994350282,"pv_known_fraction":0.8648648648648649,"kw_per_100_buildings":81.92090395480226,"association_sample":true,"moran_sample":true,"moran_i":-0.15001907963617706,"moran_p_sim":0.2493,"moran_quadrant":"HL","moran_fdr":false,"moran_z":0.504752621164158,"moran_lag":-0.2992077955900404,"neighbors":["4317101012","4317101001","4317101002","4317101003","4317101004"]},"geometry":{"type":"Polygon","coordinates":[[[343503.45880000014,4553238.4442],[343679.7625000002,4553119.6359],[343923.4900000002,4552995.0013999995],[343989.33779999986,4552914.186899999],[344061.4305999996,4552795.1325],[344156.67030000035,4552730.3717],[344189.77979999967,4552661.3213],[344163.19570000004,4552624.8924],[344106.19859999977,4552513.2117],[344080.7751000002,4552562.253799999],[344074.9294999996,4552637.642200001],[344051.9495000001,4552643.4224],[343880.31010000035,4552764.743899999],[343641.2611999996,4552953.575999999],[343535.89070000034,4552904.3467],[343359.0069000004,4553123.933700001],[343503.45880000014,4553238.4442]]]}},{"type":"Feature","properties":{"cusec":"4317101010","mundissec":"43171101010","municipi_ine":"43171","pv_n":15,"pv_known_n":13,"pv_kw":250.0,"pv_edifici_n":15,"pv_edifici_known_n":13,"pv_edifici_kw":250.0,"buildings_n":96,"functional_n":94,"date_interval_n":7,"age_exact_n":87,"age_median_exact":39.0,"age_median_min":39.0,"age_median_max":39.0,"age_exact_fraction":0.925531914893617,"pv_known_fraction":0.8666666666666667,"kw_per_100_buildings":265.9574468085106,"association_sample":true,"moran_sample":true,"moran_i":0.4960239559269207,"moran_p_sim":0.1916,"moran_quadrant":"HH","moran_fdr":false,"moran_z":1.1400478967439016,"moran_lag":0.438010523234648,"neighbors":["4317101001","4317101011","4317101005","4317101006"]},"geometry":{"type":"Polygon","coordinates":[[[345163.17169999983,4553016.5122],[345091.30260000005,4552874.9527],[345056.5758999996,4552679.4914],[345022.5108000003,4552613.676200001],[344958.34920000006,4552561.4209],[344737.0603,4552481.7706],[344677.58779999986,4552585.983200001],[344837.9634999996,4552730.0931],[344590.6255999999,4552999.9695999995],[344684.8355999999,4553008.8983],[345163.17169999983,4553016.5122]]]}},{"type":"Feature","properties":{"cusec":"4317101011","mundissec":"43171101011","municipi_ine":"43171","pv_n":27,"pv_known_n":19,"pv_kw":211.0,"pv_edifici_n":27,"pv_edifici_known_n":19,"pv_edifici_kw":211.0,"buildings_n":59,"functional_n":58,"date_interval_n":19,"age_exact_n":39,"age_median_exact":21.0,"age_median_min":20.0,"age_median_max":22.0,"age_exact_fraction":0.6724137931034483,"pv_known_fraction":0.7037037037037037,"kw_per_100_buildings":363.7931034482759,"association_sample":true,"moran_sample":true,"moran_i":0.5630707748731356,"moran_p_sim":0.0685,"moran_quadrant":"HH","moran_fdr":false,"moran_z":1.309706579139279,"moran_lag":0.4328066930340556,"neighbors":["4317101007","4317101008","4317101010","4317101013","4390501001","4390501012","4390701004","4317101001","4317101004","4317101005"]},"geometry":{"type":"Polygon","coordinates":[[[345539.5,4552900.0],[345915.0999999996,4552447.5],[346129.7000000002,4551676.0],[346101.7999999998,4551498.9],[346312.39919999987,4551332.916200001],[346362.48539999966,4551304.1599],[346400.8370000003,4551297.8201],[346534.02799999993,4551216.1855],[346623.0417999998,4551203.040200001],[346678.7982000001,4551184.814200001],[346812.99230000004,4551232.0644000005],[347111.31319999974,4551380.1712],[347145.4221000001,4551356.5569],[347310.93740000017,4551166.167300001],[346810.9796000002,4550766.138499999],[346767.46920000017,4550721.798699999],[346649.7478,4550561.2194],[346622.54729999974,4550511.0995000005],[346478.88910000026,4550108.084899999],[346418.3523000004,4549986.799699999],[346373.26719999965,4549923.5112],[346291.5636999998,4549831.436000001],[346221.59109999985,4549770.5013],[346144.6206,4549719.4518],[345991.5999999996,4549642.800000001],[345722.5,4550473.0],[345114.5999999996,4550492.9],[345104.2999999998,4550293.6],[344731.4000000004,4550291.0],[344760.07359999977,4550393.9234],[344788.85479999986,4550553.5635],[344798.56570000015,4550676.183599999],[344803.5,4550943.300000001],[344353.0999999996,4550933.9],[344167.4000000004,4551133.199999999],[343975.4000000004,4551145.1],[343971.7000000002,4551180.6],[343778.5789000001,4551173.8478999995],[343826.2251000004,4551195.327400001],[343851.62540000025,4551218.346000001],[343977.0399000002,4551431.070800001],[344050.06630000006,4551579.5021],[344095.31070000026,4551653.320800001],[344107.21750000026,4551708.0896000005],[344108.0115,4551742.220899999],[344099.28029999975,4551758.096100001],[344234.22030000016,4552019.239800001],[344153.2578999996,4552076.3906],[344233.4277999997,4552188.3091],[344312.8026999999,4552131.158299999],[344503.37959999964,4552410.8215],[344545.6782999998,4552413.690400001],[344942.64350000024,4552554.875],[345001.67480000015,4552591.5173],[345031.1096999999,4552624.5901999995],[345051.94570000004,4552664.939300001],[345091.30260000005,4552874.9527],[345163.17169999983,4553016.5122],[345466.3903999999,4553020.7347],[345539.5,4552900.0]]]}},{"type":"Feature","properties":{"cusec":"4317101012","mundissec":"43171101012","municipi_ine":"43171","pv_n":14,"pv_known_n":11,"pv_kw":56.0,"pv_edifici_n":14,"pv_edifici_known_n":11,"pv_edifici_kw":56.0,"buildings_n":327,"functional_n":325,"date_interval_n":68,"age_exact_n":257,"age_median_exact":60.0,"age_median_min":51.0,"age_median_max":60.0,"age_exact_fraction":0.7907692307692308,"pv_known_fraction":0.7857142857142857,"kw_per_100_buildings":17.23076923076923,"association_sample":true,"moran_sample":true,"moran_i":-0.1610097068788163,"moran_p_sim":0.1961,"moran_quadrant":"LH","moran_fdr":false,"moran_z":-0.3183132193660608,"moran_lag":0.5092163915190764,"neighbors":["4317101009","4317101002","4317101001"]},"geometry":{"type":"Polygon","coordinates":[[[342551.31060000043,4554970.7511],[343018.7363999998,4554943.099300001],[343072.9053999996,4554945.5634],[343105.5555999996,4554959.063200001],[343145.9000000004,4554956.699999999],[343270.2756000003,4554847.0934],[343348.5809000004,4554754.455399999],[343520.3222000003,4554607.479],[343980.46750000026,4554347.5308],[344280.5042000003,4554198.1952],[344422.0694000004,4554076.1439],[344544.4000000004,4553985.6],[344578.4659000002,4553988.4953000005],[344376.13709999993,4553747.375],[344237.62739999965,4553616.8029],[344126.5022,4553541.396500001],[344007.4395000003,4553477.896400001],[343625.64499999955,4553314.3835],[343483.56340000033,4553226.2771000005],[343359.0069000004,4553123.933700001],[343224.0066999998,4552988.1515999995],[342931.7307000002,4552588.606799999],[342799.3688000003,4552436.711200001],[342703.4000000004,4552610.199999999],[342633.2999999998,4553067.300000001],[342725.0,4553074.199999999],[342694.2999999998,4553264.800000001],[342680.2000000002,4553503.0],[342612.9000000004,4553731.1],[342482.7999999998,4553978.4],[342434.2000000002,4553969.800000001],[342247.9000000004,4554089.1],[342118.4000000004,4553986.6],[342108.4271999998,4554061.579399999],[342104.4000000004,4554164.6],[342300.2999999998,4554671.699999999],[342286.0778999999,4554727.8583],[342204.4000000004,4554925.300000001],[342210.7737999996,4554931.6576000005],[342379.4343999997,4554956.2787],[342551.31060000043,4554970.7511]]]}},{"type":"Feature","properties":{"cusec":"4317101013","mundissec":"43171101013","municipi_ine":"43171","pv_n":2,"pv_known_n":2,"pv_kw":331.0,"pv_edifici_n":2,"pv_edifici_known_n":2,"pv_edifici_kw":331.0,"buildings_n":60,"functional_n":57,"date_interval_n":3,"age_exact_n":54,"age_median_exact":53.0,"age_median_min":53.0,"age_median_max":53.0,"age_exact_fraction":0.9473684210526315,"pv_known_fraction":1.0,"kw_per_100_buildings":580.7017543859649,"association_sample":true,"moran_sample":true,"moran_i":2.0327081782723946,"moran_p_sim":0.0003,"moran_quadrant":"HH","moran_fdr":true,"moran_z":1.5632523602607624,"moran_lag":1.3090340159140885,"neighbors":["4317101008","4314806015","4317101011","4390701004"]},"geometry":{"type":"Polygon","coordinates":[[[347504.1632000003,4549048.972200001],[347432.8364000004,4549090.3522],[347428.2357999999,4549103.1537999995],[347433.9031999996,4549123.2643],[347392.7867999999,4549144.0605999995],[347346.9079999998,4549186.1294],[347322.7779000001,4549235.818299999],[347309.28419999965,4549309.0022],[347287.2178999996,4549348.5309999995],[347135.6113,4549476.0075],[347333.1496000001,4549741.1205],[347349.87129999977,4549774.775599999],[347349.2363,4549814.569],[347285.1012000004,4550124.6613],[347115.55590000004,4550363.633400001],[347057.7707000002,4550420.360200001],[346880.81709999964,4550550.535499999],[346830.8635999998,4550614.458900001],[346767.46920000017,4550721.798699999],[346810.9796000002,4550766.138499999],[347310.93740000017,4551166.167300001],[347332.7000000002,4551148.0],[347396.57770000026,4551185.9363],[347489.49700000044,4551250.1587000005],[347557.3965999996,4551338.745999999],[347666.68149999995,4551371.7719],[347783.8519000001,4551463.299900001],[347949.5999999996,4551553.5],[348075.7999999998,4551409.5],[348129.5999999996,4551320.6],[348245.4000000004,4551171.300000001],[348336.4000000004,4550949.1],[348600.4983999999,4550647.8769000005],[348554.7000000002,4550580.65],[348551.3300000001,4550520.93],[348564.5,4550494.93],[348600.54000000004,4550457.27],[348632.66000000015,4550408.3100000005],[348675.78000000026,4550423.1],[348676.8200000003,4550432.18],[348687.3099999996,4550419.8100000005],[348620.4000000004,4550393.890000001],[348602.45749999955,4550415.669199999],[348594.7522999998,4550410.802200001],[348597.51609999966,4550398.270500001],[348573.79000000004,4550385.66],[348548.48730000015,4550420.474199999],[348523.69990000036,4550409.239499999],[348493.15720000025,4550379.705499999],[348428.8683000002,4550353.9704],[348156.5499999998,4550117.82],[348030.1900000004,4549974.5600000005],[348029.1299999999,4549946.59],[348474.63999999966,4549519.9399999995],[348473.5800000001,4549507.369999999],[348458.4500000002,4549508.24],[348407.38999999966,4549564.300000001],[348158.4643000001,4549795.2097],[348055.19299999997,4549711.7314],[348007.1183000002,4549689.286599999],[347959.65390000027,4549647.045499999],[347924.43489999976,4549626.984099999],[347798.9271999998,4549505.6423],[347674.9479,4549343.0875],[347504.1632000003,4549048.972200001]]]}},{"type":"Feature","properties":{"cusec":"4390501001","mundissec":"43905701001","municipi_ine":"43905","pv_n":223,"pv_known_n":58,"pv_kw":421.0,"pv_edifici_n":223,"pv_edifici_known_n":58,"pv_edifici_kw":421.0,"buildings_n":604,"functional_n":602,"date_interval_n":105,"age_exact_n":497,"age_median_exact":49.0,"age_median_min":46.0,"age_median_max":48.0,"age_exact_fraction":0.8255813953488372,"pv_known_fraction":0.2600896860986547,"kw_per_100_buildings":69.93355481727575,"association_sample":true,"moran_sample":true,"moran_i":0.30584609133535634,"moran_p_sim":0.0346,"moran_quadrant":"HH","moran_fdr":false,"moran_z":0.419910752009659,"moran_lag":0.7332480728175866,"neighbors":["4317101008","4317101011","4390501002","4390501006","4390501012"]},"geometry":{"type":"MultiPolygon","coordinates":[[[[345814.1500000004,4546574.1899999995],[345809.0800000001,4546576.59],[345815.26999999955,4546576.710000001],[345814.1500000004,4546574.1899999995]]],[[[346521.9900000002,4546813.869999999],[346533.8300000001,4546811.08],[346532.0,4546807.23],[346521.9900000002,4546813.869999999]]],[[[345722.5,4550473.0],[345991.5999999996,4549642.800000001],[346144.6206,4549719.4518],[346248.2000000002,4549792.6],[346278.6309000002,4549725.810799999],[346322.61959999986,4549545.4002],[346326.8289999999,4549465.7201000005],[346398.69710000046,4549199.8390999995],[346423.28670000006,4549145.208799999],[346470.2451999998,4548941.358200001],[346507.5546000004,4548856.2578],[346554.70330000017,4548668.097100001],[346575.9729000004,4548611.276900001],[346604.0412999997,4548394.976299999],[346606.51960000023,4548171.606000001],[346634.60730000027,4547876.155300001],[346655.0669999998,4547822.415100001],[346678.8367999997,4547795.8949],[346736.3661000002,4547695.8443],[346806.53610000014,4547678.0737],[346842.5,4547656.5],[347133.4539999999,4547706.175000001],[347181.11000000034,4547681.289999999],[347344.8200000003,4547786.720000001],[347357.01999999955,4547789.25],[347365.4500000002,4547776.66],[347165.1200000001,4547647.01],[347163.8799999999,4547616.1],[347176.08999999985,4547616.109999999],[347210.88999999966,4547582.460000001],[347221.8300000001,4547582.77],[347205.1500000004,4547519.82],[347217.1699999999,4547502.77],[347179.7599999998,4547469.75],[347172.96999999974,4547456.890000001],[347177.83999999985,4547452.390000001],[347157.4000000004,4547434.23],[347111.3499999996,4547423.48],[347106.29000000004,4547370.35],[347114.2400000002,4547365.73],[347115.8799999999,4547349.539999999],[347100.51999999955,4547330.27],[347088.54000000004,4547294.07],[347034.86000000034,4547243.699999999],[346750.78000000026,4547064.9],[346726.9000000004,4547040.890000001],[346695.20999999996,4547026.76],[346638.21999999974,4546966.41],[346609.8200000003,4546916.24],[346598.33999999985,4546919.609999999],[346575.6200000001,4546908.5600000005],[346524.7999999998,4546843.34],[346513.83999999985,4546821.869999999],[346519.6900000004,4546813.970000001],[346487.70999999996,4546785.85],[346468.5099999998,4546744.25],[346470.91000000015,4546706.710000001],[346489.2000000002,4546705.119999999],[346506.8300000001,4546667.08],[346475.73000000045,4546634.199999999],[346472.76999999955,4546617.8100000005],[346446.4299999997,4546579.640000001],[346448.9900000002,4546565.17],[346406.04000000004,4546535.779999999],[346408.66000000015,4546523.92],[346361.4199999999,4546476.5600000005],[346335.0099999998,4546467.73],[346315.38999999966,4546474.0600000005],[346253.3700000001,4546436.27],[346212.88999999966,4546438.029999999],[346236.3799999999,4546479.869999999],[346216.3799999999,4546477.9399999995],[346186.70999999996,4546459.26],[346188.0999999996,4546480.48],[346157.2000000002,4546486.140000001],[346132.2000000002,4546479.699999999],[346128.8499999996,4546490.0],[346137.8499999996,4546494.949999999],[346111.7999999998,4546498.83],[346104.2000000002,4546537.75],[346071.4500000002,4546510.74],[346039.46999999974,4546510.07],[346046.1200000001,4546531.76],[346035.9000000004,4546573.9399999995],[346057.73000000045,4546610.5600000005],[346045.76999999955,4546628.77],[345998.2599999998,4546660.699999999],[345775.45999999996,4546570.539999999],[345770.4900000002,4546583.27],[345745.5499999998,4546590.220000001],[345740.4199999999,4546580.449999999],[345720.9900000002,4546584.0600000005],[345668.0099999998,4546560.77],[345646.21999999974,4546566.4],[345634.28000000026,4546591.51],[345621.58999999985,4546589.33],[345611.04000000004,4546600.779999999],[345602.63999999966,4546599.51],[345601.3700000001,4546584.91],[345592.1200000001,4546579.75],[345537.01999999955,4546589.84],[345492.5999999996,4546583.65],[345480.01999999955,4546573.51],[345472.78000000026,4546589.58],[345440.63999999966,4546578.67],[345428.20999999996,4546587.92],[345429.9299999997,4546606.77],[345457.16000000015,4546630.73],[345466.2400000002,4546654.91],[345495.66000000015,4546686.4],[345498.1799999997,4546715.890000001],[345516.2000000002,4546747.8100000005],[345504.8300000001,4546765.43],[345492.5800000001,4546753.18],[345468.83999999985,4546751.869999999],[345490.51999999955,4546785.029999999],[345494.83999999985,4546815.390000001],[345516.2999999998,4546843.09],[345541.6799999997,4546854.51],[345560.63999999966,4546853.279999999],[345555.6799999997,4546866.699999999],[345566.0499999998,4546878.470000001],[345545.70999999996,4546904.710000001],[345530.2999999998,4546899.0600000005],[345537.5800000001,4546895.83],[345533.1699999999,4546891.369999999],[345507.54000000004,4546889.5600000005],[345531.0700000003,4546905.16],[345547.6213999996,4546943.840299999],[345529.40050000045,4546977.825200001],[345499.7400000002,4546982.369999999],[345481.8300000001,4546967.43],[345475.53000000026,4546972.08],[345453.98000000045,4546961.869999999],[345455.9900000002,4546967.25],[345433.8499999996,4546954.5],[345467.8200000003,4547000.460000001],[345464.9199999999,4547012.470000001],[345492.5,4547061.130000001],[345487.33999999985,4547081.35],[345473.48000000045,4547070.050000001],[345495.04899999965,4547103.603599999],[345493.2023,4547119.454500001],[345471.2154000001,4547144.1402],[345442.96999999974,4547145.48],[345427.38999999966,4547160.0600000005],[345414.3499999996,4547152.67],[345397.58999999985,4547162.43],[345365.1299999999,4547156.449999999],[345349.1299999999,4547172.8100000005],[345337.08999999985,4547218.83],[345321.73000000045,4547230.18],[345273.63999999966,4547237.8100000005],[345259.48000000045,4547222.699999999],[345250.9000000004,4547224.550000001],[345250.01999999955,4547256.67],[345268.4900000002,4547326.630000001],[345259.5999999996,4547346.529999999],[345226.6500000004,4547367.07],[345221.4199999999,4547395.210000001],[345252.6299999999,4547459.039999999],[345186.7999999998,4547544.609999999],[345133.76999999955,4547580.25],[345103.88999999966,4547580.27],[345106.3799999999,4547595.0600000005],[345095.2400000002,4547603.17],[345057.7000000002,4547617.66],[345037.0800000001,4547615.720000001],[345025.13999999966,4547636.02],[345009.4400000004,4547642.84],[344743.2675000001,4547734.930400001],[344718.7045,4547717.4802],[344687.1107999999,4547719.918299999],[344672.41669999994,4547785.950099999],[344866.3037999999,4547904.4837],[344907.15550000034,4547940.4671],[344936.15390000027,4547977.7205],[344978.06400000025,4548057.518999999],[345074.1062000003,4548165.8061],[345109.25299999956,4548253.671399999],[345123.10419999994,4548320.1457],[345128.00459999964,4548418.1393],[345111.3797000004,4548650.9136],[345083.90950000007,4548680.272500001],[345059.4115000004,4548726.819700001],[345059.41170000006,4548761.1174],[345101.2304999996,4548879.601],[345071.66220000014,4548932.6061],[345012.8663999997,4548979.1535],[344946.7213000003,4549059.9987],[344909.73170000035,4549133.9794],[344885.2352999998,4549151.0876],[344843.3197999997,4549155.9243],[344745.0767999999,4549138.248],[344623.8130000001,4549138.1207],[344506.5870000003,4549150.328400001],[344419.5851999996,4549170.3507],[344342.31400000025,4549222.6348],[344648.1107000001,4550036.7037],[344731.4000000004,4550291.0],[345104.2999999998,4550293.6],[345114.5999999996,4550492.9],[345722.5,4550473.0]]]]}},{"type":"Feature","properties":{"cusec":"4390501002","mundissec":"43905701002","municipi_ine":"43905","pv_n":11,"pv_known_n":7,"pv_kw":177.0,"pv_edifici_n":11,"pv_edifici_known_n":7,"pv_edifici_kw":177.0,"buildings_n":275,"functional_n":275,"date_interval_n":11,"age_exact_n":263,"age_median_exact":49.0,"age_median_min":49.0,"age_median_max":49.5,"age_exact_fraction":0.9563636363636364,"pv_known_fraction":0.6363636363636364,"kw_per_100_buildings":64.36363636363636,"association_sample":true,"moran_sample":true,"moran_i":0.0466156402216373,"moran_p_sim":0.3897,"moran_quadrant":"HH","moran_fdr":false,"moran_z":0.3754762917701773,"moran_lag":0.12498391481969849,"neighbors":["4390501001","4390501003","4390501004","4390501006","4390501009","4390501012"]},"geometry":{"type":"Polygon","coordinates":[[[344045.5075000003,4549735.957800001],[344067.88520000037,4549641.183700001],[344096.9034000002,4549596.0437],[344171.27529999986,4549513.4069],[344342.31400000025,4549222.6348],[344419.5851999996,4549170.3507],[344506.5870000003,4549150.328400001],[344623.8130000001,4549138.1207],[344745.0767999999,4549138.248],[344843.3197999997,4549155.9243],[344885.2352999998,4549151.0876],[344909.73170000035,4549133.9794],[344856.07770000026,4549126.145099999],[344742.43740000017,4549089.618799999],[344643.6962000001,4549036.4969],[344557.00239999965,4548964.2327],[344441.6517000003,4548892.193499999],[344419.7315999996,4548885.5437],[344365.46109999996,4548827.643999999],[344047.49120000005,4548409.048800001],[343885.4199999999,4548477.880000001],[343599.0724999998,4548558.842700001],[343293.56510000024,4548610.1559],[343151.6584000001,4548613.0518],[343106.30869999994,4548601.4208],[343076.7977999998,4548760.044399999],[343034.142,4549072.3803],[343267.0217000004,4549131.072799999],[343398.8821999999,4549173.891899999],[343554.3830000004,4549248.410800001],[343644.3635999998,4549305.2402],[343761.4144000001,4549394.7194],[343851.0552000003,4549478.9089],[344045.5075000003,4549735.957800001]]]}},{"type":"Feature","properties":{"cusec":"4390501003","mundissec":"43905701003","municipi_ine":"43905","pv_n":4,"pv_known_n":4,"pv_kw":19.0,"pv_edifici_n":4,"pv_edifici_known_n":4,"pv_edifici_kw":19.0,"buildings_n":39,"functional_n":39,"date_interval_n":2,"age_exact_n":37,"age_median_exact":51.0,"age_median_min":51.0,"age_median_max":51.0,"age_exact_fraction":0.9487179487179487,"pv_known_fraction":1.0,"kw_per_100_buildings":48.717948717948715,"association_sample":true,"moran_sample":true,"moran_i":0.0542404977584675,"moran_p_sim":0.2834,"moran_quadrant":"HH","moran_fdr":false,"moran_z":0.2268135085580644,"moran_lag":0.24074636599868623,"neighbors":["4390501002","4390501004","4390501005","4390501007","4390501008","4390501009"]},"geometry":{"type":"Polygon","coordinates":[[[343320.68259999994,4549243.4826],[343175.6021999996,4549220.2037],[343196.2988999998,4549113.2486000005],[342923.83050000016,4549044.575300001],[342922.7319,4549238.9056],[343300.7929999996,4549306.092800001],[343320.68259999994,4549243.4826]]]}},{"type":"Feature","properties":{"cusec":"4390501004","mundissec":"43905701004","municipi_ine":"43905","pv_n":5,"pv_known_n":5,"pv_kw":22.0,"pv_edifici_n":5,"pv_edifici_known_n":5,"pv_edifici_kw":22.0,"buildings_n":267,"functional_n":267,"date_interval_n":7,"age_exact_n":259,"age_median_exact":54.0,"age_median_min":54.0,"age_median_max":54.0,"age_exact_fraction":0.9700374531835206,"pv_known_fraction":1.0,"kw_per_100_buildings":8.239700374531836,"association_sample":true,"moran_sample":true,"moran_i":-0.31976403515134655,"moran_p_sim":0.182,"moran_quadrant":"LH","moran_fdr":false,"moran_z":-0.6875800195710681,"moran_lag":0.4681783840987296,"neighbors":["4390501002","4390501011","4390501003","4390501007"]},"geometry":{"type":"Polygon","coordinates":[[[342618.60250000004,4548972.6272],[343034.142,4549072.3803],[343076.7977999998,4548760.044399999],[343114.88999999966,4548561.449999999],[343109.03000000026,4548548.390000001],[343046.54000000004,4548535.23],[342985.5999999996,4548533.77],[342877.9199999999,4548561.68],[342875.6799999997,4548580.630000001],[342903.5499999998,4548584.449999999],[342915.46300000045,4548579.842599999],[342918.7740000002,4548569.1632],[342955.07969999965,4548560.142200001],[343053.9299999997,4548558.85],[343060.8300000001,4548571.23],[343042.0599999996,4548693.24],[342968.9199999999,4548699.77],[342952.71999999974,4548645.199999999],[342897.0700000003,4548633.880000001],[342898.8700000001,4548642.26],[342929.88999999966,4548647.77],[342924.8200000003,4548682.98],[342883.48000000045,4548729.24],[342819.11000000034,4548755.449999999],[342729.66000000015,4548764.619999999],[342576.5,4548762.57],[342334.8799999999,4548737.390000001],[342088.1299999999,4548702.779999999],[341877.61099999957,4548639.487199999],[341856.3892999999,4548684.4385],[341789.47860000003,4548780.338199999],[342333.1743999999,4548906.1599],[342307.76049999986,4549027.369000001],[342592.21109999996,4549093.8364],[342618.60250000004,4548972.6272]]]}},{"type":"Feature","properties":{"cusec":"4390501005","mundissec":"43905701005","municipi_ine":"43905","pv_n":4,"pv_known_n":4,"pv_kw":15.0,"pv_edifici_n":4,"pv_edifici_known_n":4,"pv_edifici_kw":15.0,"buildings_n":49,"functional_n":49,"date_interval_n":5,"age_exact_n":44,"age_median_exact":38.0,"age_median_min":38.0,"age_median_max":38.0,"age_exact_fraction":0.8979591836734694,"pv_known_fraction":1.0,"kw_per_100_buildings":30.612244897959183,"association_sample":true,"moran_sample":true,"moran_i":-0.010904490921472063,"moran_p_sim":0.1189,"moran_quadrant":"LH","moran_fdr":false,"moran_z":-0.019230646782426527,"moran_lag":0.5708427567986128,"neighbors":["4390501010","4390501003","4390501008","4390501009"]},"geometry":{"type":"Polygon","coordinates":[[[343146.54530000035,4549638.3145],[343210.69489999954,4549566.843900001],[343455.2137000002,4549357.1317],[343417.8633000003,4549322.311899999],[343403.7933,4549324.2721],[343393.32320000045,4549311.632099999],[343282.82299999986,4549304.3529],[343017.8622000003,4549254.934900001],[343005.68290000036,4549343.9451],[343007.3332000002,4549386.8452],[343025.4837999996,4549461.0951000005],[343096.9452999998,4549651.9449000005],[343146.54530000035,4549638.3145]]]}},{"type":"Feature","properties":{"cusec":"4390501006","mundissec":"43905701006","municipi_ine":"43905","pv_n":50,"pv_known_n":41,"pv_kw":754.0,"pv_edifici_n":49,"pv_edifici_known_n":41,"pv_edifici_kw":754.0,"buildings_n":422,"functional_n":422,"date_interval_n":29,"age_exact_n":393,"age_median_exact":54.0,"age_median_min":52.0,"age_median_max":54.0,"age_exact_fraction":0.9312796208530806,"pv_known_fraction":0.8367346938775511,"kw_per_100_buildings":178.67298578199052,"association_sample":true,"moran_sample":true,"moran_i":0.36537648093836816,"moran_p_sim":0.3098,"moran_quadrant":"HH","moran_fdr":false,"moran_z":0.9249048622607957,"moran_lag":0.39769352188991813,"neighbors":["4390501002","4390501001"]},"geometry":{"type":"Polygon","coordinates":[[[344909.73170000035,4549133.9794],[344946.7213000003,4549059.9987],[345012.8663999997,4548979.1535],[345071.66220000014,4548932.6061],[345101.2304999996,4548879.601],[345059.41170000006,4548761.1174],[345059.4115000004,4548726.819700001],[345083.90950000007,4548680.272500001],[345111.3797000004,4548650.9136],[345128.00459999964,4548418.1393],[345123.10419999994,4548320.1457],[345109.25299999956,4548253.671399999],[345074.1062000003,4548165.8061],[344978.06400000025,4548057.518999999],[344936.15390000027,4547977.7205],[344907.15550000034,4547940.4671],[344866.3037999999,4547904.4837],[344672.41669999994,4547785.950099999],[344687.1107999999,4547719.918299999],[344681.8499999996,4547700.890000001],[344654.48000000045,4547676.15],[344627.4400000004,4547662.470000001],[344602.48000000045,4547660.18],[344567.3300000001,4547636.380000001],[344551.6699999999,4547637.07],[344525.28000000026,4547651.49],[344515.6500000004,4547697.57],[344477.0499999998,4547718.449999999],[344438.2999999998,4547708.470000001],[344412.66000000015,4547682.279999999],[344356.41000000015,4547663.109999999],[344359.41000000015,4547690.1899999995],[344408.54000000004,4547765.890000001],[344410.8200000003,4547797.789999999],[344401.2599999998,4547798.109999999],[344401.9500000002,4547806.859999999],[344492.0599999996,4547897.59],[344483.9979999997,4547943.279200001],[344462.7918999996,4547980.2643],[344379.3568000002,4548064.3408],[344362.71999999974,4548065.970000001],[344337.0700000003,4548042.33],[344314.3700000001,4548040.35],[344295.91000000015,4548048.77],[344297.38999999966,4548056.390000001],[344285.46999999974,4548047.3100000005],[344273.66000000015,4548053.92],[344271.9900000002,4548071.25],[344258.1200000001,4548076.550000001],[344261.7599999998,4548096.93],[344241.63999999966,4548106.210000001],[344238.5700000003,4548128.02],[344217.5599999996,4548126.59],[344212.1900000004,4548112.33],[344183.0099999998,4548108.51],[344135.0700000003,4548186.08],[344138.48000000045,4548190.550000001],[344095.96999999974,4548208.859999999],[344087.33999999985,4548223.16],[344092.83999999985,4548243.98],[344110.3099999996,4548246.109999999],[344133.8799999999,4548236.9],[344147.1299999999,4548249.91],[344153.7000000002,4548284.85],[344145.6699999999,4548316.4],[344101.11000000034,4548371.17],[344047.49120000005,4548409.048800001],[344365.46109999996,4548827.643999999],[344419.7315999996,4548885.5437],[344441.6517000003,4548892.193499999],[344557.00239999965,4548964.2327],[344643.6962000001,4549036.4969],[344742.43740000017,4549089.618799999],[344856.07770000026,4549126.145099999],[344909.73170000035,4549133.9794]]]}},{"type":"Feature","properties":{"cusec":"4390501007","mundissec":"43905701007","municipi_ine":"43905","pv_n":9,"pv_known_n":7,"pv_kw":74.0,"pv_edifici_n":9,"pv_edifici_known_n":7,"pv_edifici_kw":74.0,"buildings_n":97,"functional_n":97,"date_interval_n":5,"age_exact_n":92,"age_median_exact":47.5,"age_median_min":46.0,"age_median_max":46.0,"age_exact_fraction":0.9484536082474226,"pv_known_fraction":0.7777777777777778,"kw_per_100_buildings":76.28865979381443,"association_sample":true,"moran_sample":true,"moran_i":0.16146704201865658,"moran_p_sim":0.2539,"moran_quadrant":"HH","moran_fdr":false,"moran_z":0.466532849421285,"moran_lag":0.3484228680643563,"neighbors":["4390501011","4390501003","4390501008","4390501004"]},"geometry":{"type":"Polygon","coordinates":[[[342814.1047,4549477.011499999],[342873.7318000002,4549479.943499999],[342925.62930000015,4549456.1197999995],[342923.83050000016,4549044.575300001],[342618.60250000004,4548972.6272],[342592.21109999996,4549093.8364],[342307.76049999986,4549027.369000001],[342258.88769999985,4549262.945],[342810.1950000003,4549501.448799999],[342814.1047,4549477.011499999]]]}},{"type":"Feature","properties":{"cusec":"4390501008","mundissec":"43905701008","municipi_ine":"43905","pv_n":31,"pv_known_n":26,"pv_kw":133.0,"pv_edifici_n":31,"pv_edifici_known_n":26,"pv_edifici_kw":133.0,"buildings_n":59,"functional_n":59,"date_interval_n":4,"age_exact_n":55,"age_median_exact":39.0,"age_median_min":39.0,"age_median_max":39.0,"age_exact_fraction":0.9322033898305084,"pv_known_fraction":0.8387096774193549,"kw_per_100_buildings":225.42372881355934,"association_sample":true,"moran_sample":true,"moran_i":0.3187087860202485,"moran_p_sim":0.2273,"moran_quadrant":"HH","moran_fdr":false,"moran_z":1.050567096625037,"moran_lag":0.30540435940936317,"neighbors":["4390501003","4390501005","4390501007","4390501010","4390501011","4390501012"]},"geometry":{"type":"Polygon","coordinates":[[[342969.9165000003,4550394.419399999],[343027.3108999999,4550311.011700001],[343074.1336000003,4550270.454],[343223.58829999994,4550185.5909],[343177.86760000046,4549921.364700001],[343076.62480000034,4549584.844900001],[343025.4837999996,4549461.0951000005],[343007.3332000002,4549386.8452],[343005.68290000036,4549343.9451],[343017.8622000003,4549254.934900001],[342922.7319,4549238.9056],[342925.5536000002,4549454.3759],[342969.9165000003,4550394.419399999]]]}},{"type":"Feature","properties":{"cusec":"4390501009","mundissec":"43905701009","municipi_ine":"43905","pv_n":2,"pv_known_n":2,"pv_kw":15.0,"pv_edifici_n":2,"pv_edifici_known_n":2,"pv_edifici_kw":15.0,"buildings_n":29,"functional_n":29,"date_interval_n":2,"age_exact_n":27,"age_median_exact":46.0,"age_median_min":46.0,"age_median_max":46.0,"age_exact_fraction":0.9310344827586207,"pv_known_fraction":1.0,"kw_per_100_buildings":51.724137931034484,"association_sample":true,"moran_sample":true,"moran_i":0.04818413217518335,"moran_p_sim":0.348,"moran_quadrant":"HH","moran_fdr":false,"moran_z":0.25871262452911276,"moran_lag":0.18749574243193595,"neighbors":["4390501002","4390501003","4390501005","4390501010","4390501012"]},"geometry":{"type":"Polygon","coordinates":[[[343608.21410000045,4549388.4406],[343644.3635999998,4549305.2402],[343554.3830000004,4549248.410800001],[343398.8821999999,4549173.891899999],[343196.2988999998,4549113.2486000005],[343175.6021999996,4549220.2037],[343320.68259999994,4549243.4826],[343300.7929999996,4549306.092800001],[343393.32320000045,4549311.632099999],[343403.7933,4549324.2721],[343417.8633000003,4549322.311899999],[343455.2137000002,4549357.1317],[343483.25380000006,4549367.0315000005],[343608.21410000045,4549388.4406]]]}},{"type":"Feature","properties":{"cusec":"4390501010","mundissec":"43905701010","municipi_ine":"43905","pv_n":7,"pv_known_n":4,"pv_kw":27.0,"pv_edifici_n":7,"pv_edifici_known_n":4,"pv_edifici_kw":27.0,"buildings_n":21,"functional_n":21,"date_interval_n":8,"age_exact_n":13,"age_median_exact":25.0,"age_median_min":24.0,"age_median_max":26.0,"age_exact_fraction":0.6190476190476191,"pv_known_fraction":0.5714285714285714,"kw_per_100_buildings":128.57142857142858,"association_sample":true,"moran_sample":true,"moran_i":0.16649527988325435,"moran_p_sim":0.3439,"moran_quadrant":"HH","moran_fdr":false,"moran_z":0.7472777974822374,"moran_lag":0.22429770887583755,"neighbors":["4390501012","4390501005","4390501008","4390501009"]},"geometry":{"type":"Polygon","coordinates":[[[343208.90759999957,4550073.4243],[343310.37179999985,4549979.48],[343371.7553000003,4549895.8715],[343426.9808,4549789.188100001],[343459.3326000003,4549689.7607],[343545.0576999998,4549778.6609000005],[343608.21410000045,4549388.4406],[343455.2137000002,4549357.1317],[343210.69489999954,4549566.843900001],[343146.54530000035,4549638.3145],[343096.9452999998,4549651.9449000005],[343177.86760000046,4549921.364700001],[343208.90759999957,4550073.4243]]]}},{"type":"Feature","properties":{"cusec":"4390501011","mundissec":"43905701011","municipi_ine":"43905","pv_n":29,"pv_known_n":23,"pv_kw":357.0,"pv_edifici_n":29,"pv_edifici_known_n":23,"pv_edifici_kw":357.0,"buildings_n":259,"functional_n":250,"date_interval_n":94,"age_exact_n":156,"age_median_exact":21.0,"age_median_min":22.0,"age_median_max":34.0,"age_exact_fraction":0.624,"pv_known_fraction":0.7931034482758621,"kw_per_100_buildings":142.8,"association_sample":true,"moran_sample":true,"moran_i":0.12698434206150994,"moran_p_sim":0.3705,"moran_quadrant":"HH","moran_fdr":false,"moran_z":0.8038908866453919,"moran_lag":0.15902231023095753,"neighbors":["4390501004","4390501007","4390501008","4390501012","4317101002"]},"geometry":{"type":"Polygon","coordinates":[[[342442.16530000046,4551102.132200001],[342498.6150000002,4551051.681700001],[342533.5547000002,4551002.0912999995],[342593.8542999998,4550942.2708],[342749.18460000027,4550950.989600001],[342860.7999999998,4550930.4],[342885.16750000045,4550959.2259],[342969.9165000003,4550394.419399999],[342925.62930000015,4549456.1197999995],[342873.7318000002,4549479.943499999],[342814.1047,4549477.011499999],[342810.1950000003,4549501.448799999],[342258.88769999985,4549262.945],[342333.1743999999,4548906.1599],[341789.47860000003,4548780.338199999],[341770.2894000001,4548807.012],[341625.27359999996,4548904.7491],[341086.6974999998,4549362.697699999],[340948.2000000002,4549472.199999999],[340645.4000000004,4549779.1],[340514.6409999998,4550000.344699999],[340447.7686999999,4550111.765799999],[340446.0999999996,4550114.9],[340504.75490000006,4550132.545399999],[340603.7249999996,4550125.0646],[340646.84509999957,4550134.1743],[340741.8156000003,4550173.4136],[341044.2467,4550256.9815],[341195.3174999999,4550329.4704],[341265.6780000003,4550380.029999999],[341432.9494000003,4550532.8089000005],[341566.2198999999,4550566.757999999],[341629.19020000007,4550602.797599999],[341804.39169999957,4550759.146500001],[342010.1632000003,4550918.6052],[342069.2999999998,4550978.300000001],[342117.05399999954,4550993.384500001],[342226.92420000024,4551002.933599999],[342303.97449999955,4551019.553099999],[342442.16530000046,4551102.132200001]]]}},{"type":"Feature","properties":{"cusec":"4390501012","mundissec":"43905701012","municipi_ine":"43905","pv_n":3,"pv_known_n":3,"pv_kw":14.0,"pv_edifici_n":3,"pv_edifici_known_n":3,"pv_edifici_kw":14.0,"buildings_n":98,"functional_n":94,"date_interval_n":29,"age_exact_n":65,"age_median_exact":36.0,"age_median_min":30.0,"age_median_max":40.0,"age_exact_fraction":0.6914893617021277,"pv_known_fraction":1.0,"kw_per_100_buildings":14.893617021276595,"association_sample":true,"moran_sample":true,"moran_i":-0.20671591458323105,"moran_p_sim":0.0454,"moran_quadrant":"LH","moran_fdr":false,"moran_z":-0.39285823886837284,"moran_lag":0.5297159359928483,"neighbors":["4317101007","4317101011","4390501001","4390501002","4390501008","4390501009","4390501010","4390501011","4317101002"]},"geometry":{"type":"Polygon","coordinates":[[[343407.4414999997,4551721.255799999],[343444.92030000035,4551559.225299999],[343494.2193999998,4551420.9147],[343554.9000000004,4551148.9],[343618.0,4551144.699999999],[343619.9000000004,4551168.300000001],[343971.7000000002,4551180.6],[343975.4000000004,4551145.1],[344167.4000000004,4551133.199999999],[344353.0999999996,4550933.9],[344803.5,4550943.300000001],[344792.2050999999,4550587.8335],[344749.12320000026,4550351.863399999],[344648.1107000001,4550036.7037],[344343.2933,4549224.4706],[344171.27529999986,4549513.4069],[344096.9034000002,4549596.0437],[344067.88520000037,4549641.183700001],[344050.37739999965,4549729.1678],[344042.16750000045,4549736.5678],[343851.0552000003,4549478.9089],[343761.4144000001,4549394.7194],[343644.3635999998,4549305.2402],[343616.8839999996,4549361.5605],[343598.50370000023,4549427.7698],[343545.0576999998,4549778.6609000005],[343459.3326000003,4549689.7607],[343409.85539999977,4549828.1381],[343354.29279999994,4549922.859099999],[343284.4425999997,4550006.9968],[343208.90759999957,4550073.4243],[343223.58829999994,4550185.5909],[343100.5126,4550251.988700001],[343049.07359999977,4550290.568],[343009.83490000013,4550333.433800001],[342969.9165000003,4550394.419399999],[342885.16750000045,4550959.2259],[343053.9068999998,4551191.877699999],[343167.61789999995,4551298.937000001],[343273.9495000001,4551486.2665],[343325.5604999997,4551606.486199999],[343407.4414999997,4551721.255799999]]]}},{"type":"Feature","properties":{"cusec":"4390701001","mundissec":"43907601001","municipi_ine":"43907","pv_n":23,"pv_known_n":15,"pv_kw":93.0,"pv_edifici_n":23,"pv_edifici_known_n":15,"pv_edifici_kw":93.0,"buildings_n":292,"functional_n":285,"date_interval_n":34,"age_exact_n":251,"age_median_exact":61.0,"age_median_min":56.0,"age_median_max":56.0,"age_exact_fraction":0.8807017543859649,"pv_known_fraction":0.6521739130434783,"kw_per_100_buildings":32.63157894736842,"association_sample":true,"moran_sample":true,"moran_i":0.008114930418441756,"moran_p_sim":0.0923,"moran_quadrant":"HH","moran_fdr":false,"moran_z":0.014414585944517215,"moran_lag":0.5667448978516857,"neighbors":["4314808009","4314809001","4390701002","4390701003","4390701004"]},"geometry":{"type":"Polygon","coordinates":[[[347197.0521999998,4554766.293],[347618.5,4554616.5],[347986.7000000002,4554574.300000001],[348007.15020000003,4554564.235400001],[347790.2000000002,4554078.699999999],[347924.84580000024,4554007.735200001],[347987.98309999984,4553842.8467999995],[347787.92590000015,4553766.319399999],[347736.7293999996,4553836.17],[347390.3219999997,4553781.271400001],[347308.3005999997,4553752.8292],[347093.75459999964,4554018.9014],[347079.6495000003,4554049.136399999],[347079.0876000002,4554083.2563000005],[347097.29750000034,4554127.879000001],[347133.2812999999,4554167.566400001],[347192.2980000004,4554417.140699999],[347187.3113000002,4554462.736400001],[347156.99870000035,4554546.8618],[347197.0521999998,4554766.293]]]}},{"type":"Feature","properties":{"cusec":"4390701002","mundissec":"43907601002","municipi_ine":"43907","pv_n":11,"pv_known_n":9,"pv_kw":86.0,"pv_edifici_n":11,"pv_edifici_known_n":9,"pv_edifici_kw":86.0,"buildings_n":113,"functional_n":113,"date_interval_n":12,"age_exact_n":101,"age_median_exact":47.0,"age_median_min":46.0,"age_median_max":46.0,"age_exact_fraction":0.8938053097345132,"pv_known_fraction":0.8181818181818182,"kw_per_100_buildings":76.10619469026548,"association_sample":true,"moran_sample":true,"moran_i":-0.16202371360193887,"moran_p_sim":0.177,"moran_quadrant":"HL","moran_fdr":false,"moran_z":0.46524855901275813,"moran_lag":-0.3505892020856415,"neighbors":["4314809001","4314809004","4314809008","4314809009","4314809010","4390701001","4390701004"]},"geometry":{"type":"Polygon","coordinates":[[[347987.98309999984,4553842.8467999995],[348057.1434000004,4553664.033600001],[347984.1414000001,4553408.933800001],[347990.23869999964,4553055.233200001],[347784.66000000015,4553059.306600001],[347674.22869999986,4553263.274900001],[347613.47300000023,4553350.112],[347569.1191999996,4553475.020199999],[347561.5192,4553472.3661],[347514.5845999997,4553605.929099999],[347613.67480000015,4553644.6504],[347493.3066999996,4553797.5923999995],[347736.7293999996,4553836.17],[347787.92590000015,4553766.319399999],[347987.98309999984,4553842.8467999995]]]}},{"type":"Feature","properties":{"cusec":"4390701003","mundissec":"43907601003","municipi_ine":"43907","pv_n":37,"pv_known_n":29,"pv_kw":618.0,"pv_edifici_n":36,"pv_edifici_known_n":28,"pv_edifici_kw":218.0,"buildings_n":310,"functional_n":300,"date_interval_n":52,"age_exact_n":247,"age_median_exact":62.0,"age_median_min":56.0,"age_median_max":61.0,"age_exact_fraction":0.8233333333333334,"pv_known_fraction":0.7777777777777778,"kw_per_100_buildings":72.66666666666667,"association_sample":true,"moran_sample":true,"moran_i":0.20246491371192438,"moran_p_sim":0.2703,"moran_quadrant":"HH","moran_fdr":false,"moran_z":0.440453390060676,"moran_lag":0.46275892804023394,"neighbors":["4390701001","4390701004"]},"geometry":{"type":"Polygon","coordinates":[[[346261.4000000004,4555701.4],[346505.5,4555732.6],[347119.2000000002,4555686.699999999],[347071.0471000001,4555673.6942],[346956.02440000046,4555585.636700001],[346990.2326999996,4555558.713099999],[346996.75189999957,4555541.7139],[347050.56290000025,4555490.241699999],[347071.0,4555454.6],[346534.2000000002,4555228.699999999],[346532.30319999997,4555215.752800001],[346556.4151999997,4555171.080399999],[346612.0465000002,4555117.6877999995],[346714.9402999999,4555040.593599999],[346841.60450000037,4554918.5658],[346941.76209999993,4554836.4529],[346978.4922000002,4554820.546599999],[347063.1420999998,4554808.104900001],[347081.5,4554811.6],[347197.0521999998,4554766.293],[347156.99870000035,4554546.8618],[347187.3113000002,4554462.736400001],[347192.2980000004,4554417.140699999],[347133.2812999999,4554167.566400001],[347097.29750000034,4554127.879000001],[347079.0876000002,4554083.2563000005],[347079.6495000003,4554049.136399999],[347097.49459999986,4554013.6614],[347243.8234000001,4553828.73],[347455.78890000004,4553575.316],[347265.10929999966,4553440.5571],[347181.00930000003,4553334.569700001],[347093.4534,4553258.535599999],[347054.89070000034,4553185.231699999],[347027.4400000004,4553159.4350000005],[347010.2418999998,4553154.1434],[347010.9029000001,4553088.989499999],[347020.1629999997,4553045.3331],[346527.0179000003,4553037.558],[346178.4000000004,4553346.4],[346413.9000000004,4553513.300000001],[346728.0,4553648.199999999],[346672.0999999996,4554213.5],[346522.7000000002,4554731.0],[346303.0999999996,4554949.1],[346137.5,4554702.4],[345747.0,4555157.5],[345857.5,4555443.1],[345998.0999999996,4555741.300000001],[346261.4000000004,4555701.4]]]}},{"type":"Feature","properties":{"cusec":"4390701004","mundissec":"43907601004","municipi_ine":"43907","pv_n":20,"pv_known_n":18,"pv_kw":418.0,"pv_edifici_n":20,"pv_edifici_known_n":18,"pv_edifici_kw":418.0,"buildings_n":246,"functional_n":240,"date_interval_n":50,"age_exact_n":190,"age_median_exact":56.0,"age_median_min":51.0,"age_median_max":56.0,"age_exact_fraction":0.7916666666666666,"pv_known_fraction":0.9,"kw_per_100_buildings":174.16666666666666,"association_sample":true,"moran_sample":true,"moran_i":0.635302465520681,"moran_p_sim":0.0127,"moran_quadrant":"HH","moran_fdr":false,"moran_z":0.9111032701359507,"moran_lag":0.7019689879519675,"neighbors":["4314808009","4314806015","4317101011","4317101013","4314809010","4390701001","4390701002","4390701003"]},"geometry":{"type":"Polygon","coordinates":[[[347613.67480000015,4553644.6504],[347514.5845999997,4553605.929099999],[347613.47300000023,4553350.112],[347674.22869999986,4553263.274900001],[347784.66000000015,4553059.306600001],[347990.23869999964,4553055.233200001],[348631.0398000004,4553065.7283],[348673.33690000046,4552671.327400001],[349008.3372999998,4552659.024900001],[349053.83389999997,4552193.423800001],[349419.0346999997,4552231.721100001],[349483.43369999994,4552088.8204],[349351.73340000026,4552076.021299999],[349146.2324999999,4551995.822799999],[349074.23220000044,4551975.223300001],[348781.63159999996,4551951.625499999],[348638.9310999997,4551907.626499999],[348235.4287999999,4551697.029200001],[347917.02749999985,4551590.931399999],[347949.5999999996,4551553.5],[347783.8519000001,4551463.299900001],[347666.68149999995,4551371.7719],[347557.3965999996,4551338.745999999],[347489.49700000044,4551250.1587000005],[347332.7000000002,4551148.0],[347145.4221000001,4551356.5569],[347111.31319999974,4551380.1712],[346812.99230000004,4551232.0644000005],[346678.7982000001,4551184.814200001],[346623.0417999998,4551203.040200001],[346534.02799999993,4551216.1855],[346400.8370000003,4551297.8201],[346362.48539999966,4551304.1599],[346312.39919999987,4551332.916200001],[346101.7999999998,4551498.9],[346129.7000000002,4551676.0],[345915.0999999996,4552447.5],[346149.9000000004,4552476.699999999],[346898.7000000002,4552396.9],[346887.0,4552627.199999999],[346527.0179000003,4553037.558],[347020.1629999997,4553045.3331],[347010.9029000001,4553088.989499999],[347010.2418999998,4553154.1434],[347027.4400000004,4553159.4350000005],[347054.89070000034,4553185.231699999],[347093.4534,4553258.535599999],[347181.00930000003,4553334.569700001],[347265.10929999966,4553440.5571],[347455.78890000004,4553575.316],[347308.3005999997,4553752.8292],[347390.3219999997,4553781.271400001],[347493.3066999996,4553797.5923999995],[347613.67480000015,4553644.6504]]]}}]}
